audio_path,language,source,model,hypothesis,reference,latency_sec,wer_normalized,cer_normalized,wer_raw,cer_raw,error
data/clips/hausa_00.wav,hausa,afriswitchcare,sahara-v2.5,"Gaisuwa sir ciwon ciki nake ji ya kai kwana nayi kwana hudu OK ciwon cikin ina kana ji ciwo din ya fara daga saman sai sauko ta hannun dama na OK ciwon ciki is it gradual ko sudden ciwon ciki yake fara mun kadan kadan ne haka nan gradual gradual OK is acking ko sharp pain ne kana so ka ba pain din sco daga daya zuwa 10 wani sco ne zaka bashi kaman yana radiating zuwa bayanka ko ina wani abu wani kasan wani abu wane yana baka sauƙi ba ko kuwa abu wannan yana tada Pain din ban sani ba kana da fever a cikin wannan pain akwai fever akwai zafin jiki OK kana iya ci abinci sosai ba sosai ba kana ka iya amai a cikin wannan kaman sau uku sau na uku kana zawo Kuma kana cikinka ya kumbura cikina bai kumbura frequently kana ji ciwo lokacin wanda kana yin fitsari OK na gode examination findings are temperature things she 38 degrees great resp rate Ferminic SPO2 98% 90 Berminit BP 120/80 mmHg abdomen on abdominal examination nagan right iliac fossa tenderness garden tenderness positive ro
An my burning signs
",Gaisuwa English> sir miye sunanka sunana Abdul Kai Dan shekara nawa ne shekara na 28 me ya kawo ka zuwa asibitin mu? Wallahi ciwon ciki nakeji ya Kai kwana nawa? Yakai kwana hudu okay ciwon ciki din ina kana Ji ciwo din? Ehh yafara mundai daga Saman ciki nane sannan Kuma sai ya sakko ta hannun Dama na Okay faruwan ciwon ciki din is it gradual code switch > sudden? Ehh ciwon cikin Yana Dan fara min kadan kadan ne HakanNan gradual gradual Okay is it aching ko sharp pain ne? Aching ne Yana aching nawa okay in kanaso ka ba pain din score daga 1 zuwa 10 Wani score ne zaka bashi? Kaman dai A 8 Hakan Nan DAI okay pain din Yana radiating zuwa bayanka ko ina? A'a baya radiating just a wuri Daya ne kawai Okay akwai Wani Abu Wanda kasan Wani Abu Wanda Yana baka sauki? Kai Babu bansani ba ko kuwa Abu Wanda Yana tada pain din? Bansani ba Okay kana da fever a cikin wannan pain? Ehh akwai fever haka akwai zafin jiki Okay kana iya cin abinci sosai? Ba sosai ba kayi amai a cikin wannan Ehh Ina amai Hakanan DAI kama sau uku so nawa? Kaman sau uku Okay kana zawo kuma? A'a bana zawo kana cikin ka ya kumbura? A'a cikina bai kumbura ba kanayin fitsari frequently A'a babu kanajin ciwo Lokacin wanda kanayin fitsari? A'a banajin zafi Okay nagode examination findings temperature dinshi 38°C respiratory rate cycles per minute SPO2 98% pulse rate 90 bpm BP 120/80mmHg abdomen on abdominal examination nagan right iliac fossa tenderness guarding rebound tenderness positive rovsing and McBurney's signs,16.206,0.5495,0.3887,0.6423,0.4154,
data/clips/hausa_00.wav,hausa,afriswitchcare,whisper-large-v3-groq," Gei suwa, sa. Me sunanka. Sunana abdi. Kayt dan shakrana ani. Shakrana asherin datakos. Me ya kawa kazuwa awsibitimu. Chiuon chicken ekeji. Ya ke kwanana? Ya ke kwanana hulu. Oke, am, chiuo chicken den, ina kana ji chiuo den? Ya para mundi daga saman chiki nani sanu, puma se soku ta hanun dama na. Ok, paruwa chio chiki dani ya, izi gradual ko soding? Chio chiki eke, ta un, e na dam para mu, katanga dani ya kanan, gradual, gradual. Ok, izi ekin ko echapen ni? Ekin ni, e na ekin na wa. Ok, nkana aso ke ba pendon sko? Ndaka ea zwa goma wan e sko nizaka bashi? Kamandi, a tokos hakan nandi. Ok, pendon ena radiating zwa bayan ke ku ina? A, a bayan radiating. Just awuri eni kwa. A kwe i wania abu wanika, kasa wania abu wanina baka soki? Kwa i, babu bansani eba. Koko abu wanina tada pendon Bansani eba Ok kanade fiva achike wanam pendon Kokwa abuwa ndi ina tadil pen dun Panseni wa Ok Kana de fever a chikin wan nan pen E, a koi fever a koi zafin jiki. Ok. Kana iya chiya ban chi sosay? Ba sosay wa. Kana ika iya ama ya chikin wan nan? Sona? E, ina ama ya hakani. Kaman so uku? Sona? Kaman so uku. Kaman so uku. কিনা জী ছী ও লোকੋ চী ও কিনা ইন পিও সারি ৎা গো এর চে ফাাই দী রোহ্ট অৎকে, না গো দে edamination findings temperature density 38°C respiratory rate 12 cycles per minute SpO2 98% pulse rate 90 beats per minute BP 120 over 80 mmHg Abdomen On abdominal examination Nargon right iliac fossa tenderness Gardin rebound tenderness Positive rosing and maboning signs",Gaisuwa English> sir miye sunanka sunana Abdul Kai Dan shekara nawa ne shekara na 28 me ya kawo ka zuwa asibitin mu? Wallahi ciwon ciki nakeji ya Kai kwana nawa? Yakai kwana hudu okay ciwon ciki din ina kana Ji ciwo din? Ehh yafara mundai daga Saman ciki nane sannan Kuma sai ya sakko ta hannun Dama na Okay faruwan ciwon ciki din is it gradual code switch > sudden? Ehh ciwon cikin Yana Dan fara min kadan kadan ne HakanNan gradual gradual Okay is it aching ko sharp pain ne? Aching ne Yana aching nawa okay in kanaso ka ba pain din score daga 1 zuwa 10 Wani score ne zaka bashi? Kaman dai A 8 Hakan Nan DAI okay pain din Yana radiating zuwa bayanka ko ina? A'a baya radiating just a wuri Daya ne kawai Okay akwai Wani Abu Wanda kasan Wani Abu Wanda Yana baka sauki? Kai Babu bansani ba ko kuwa Abu Wanda Yana tada pain din? Bansani ba Okay kana da fever a cikin wannan pain? Ehh akwai fever haka akwai zafin jiki Okay kana iya cin abinci sosai? Ba sosai ba kayi amai a cikin wannan Ehh Ina amai Hakanan DAI kama sau uku so nawa? Kaman sau uku Okay kana zawo kuma? A'a bana zawo kana cikin ka ya kumbura? A'a cikina bai kumbura ba kanayin fitsari frequently A'a babu kanajin ciwo Lokacin wanda kanayin fitsari? A'a banajin zafi Okay nagode examination findings temperature dinshi 38°C respiratory rate cycles per minute SPO2 98% pulse rate 90 bpm BP 120/80mmHg abdomen on abdominal examination nagan right iliac fossa tenderness guarding rebound tenderness positive rovsing and McBurney's signs,6.966,0.8462,0.4003,0.9307,0.4656,
data/clips/hausa_00.wav,hausa,afriswitchcare,assemblyai-universal,"Geisuwa sa, ah, may sunang ka? Sunana Abdul. Okay, dan shukran ani. Um, shukran asherin datapos. Meya ka kazua habusibitimu? Lah chiwon chicken keji. Yaki kwana na? Yaki kwana kulup. Okay, um, chiwo chicken dan ina kana ji chiwo dan? Ee, ya paramu ndi renga salmon chicken hanisa no kuma se sokuta hanun damana. Okay, um, paruwa and chiwo chicken, is it gradual co um sudden? Chiwo chicken ye khetaho ngena na paramu khaṱan khaṱan ya kana gradual gradual. Okay, um, is it aching co Sharp pen, ne? एक ही नहीं, एक ना एक ही ना वाह। Okay, इनके नासे के बाद pen then score, देखो यार जुआ go माँ, one score ने जाके बाशी। कमांडी आ tacos hack करने दी। Okay, pen then ये ना radiating जुआ buy इनको कोई ना? यार buy radiating. Just already eating it, kawaii. Okay. Ah, kui wan ya buwan de kas kasem wan ya buwan de ena bakasoki? Hai, baku bansani ba. Kukua abuan de ena tadu pendun? Bansani ba. Okay. Um, kana de fever? At chicken wan nampin? Eh, ah kui fever, kakui zafin chicken. Okay. Um, kana ia cia benciso say? Masu seba. Kana kaya amaya chicken mo nan sona? Iy, na amay hakan mo. Kaman sa uk sona? Kaman sa uk. Kaman sa uk. Okay. Kana zawo kuma? Abana zawo. Kana chicken ka ya kumbura? Chicken na kumbura ba. Kana yin pisari frequently? Kuna ji chiwo lo ko chionne kuna yimpi sare? Okay, now go the examination findings. Temperature density thirty eight degree centigrade. Respiratory rate twelve cycles per minute. SpO2 ninety eight percent. Pulse rate ninety beats per minute. BP 120/80 mmHg ABDOMEN: On abdominal examination Nagan right iliac fossa tenderness guarding rebound tenderness positive Rovsing and Melbourne signs.",Gaisuwa English> sir miye sunanka sunana Abdul Kai Dan shekara nawa ne shekara na 28 me ya kawo ka zuwa asibitin mu? Wallahi ciwon ciki nakeji ya Kai kwana nawa? Yakai kwana hudu okay ciwon ciki din ina kana Ji ciwo din? Ehh yafara mundai daga Saman ciki nane sannan Kuma sai ya sakko ta hannun Dama na Okay faruwan ciwon ciki din is it gradual code switch > sudden? Ehh ciwon cikin Yana Dan fara min kadan kadan ne HakanNan gradual gradual Okay is it aching ko sharp pain ne? Aching ne Yana aching nawa okay in kanaso ka ba pain din score daga 1 zuwa 10 Wani score ne zaka bashi? Kaman dai A 8 Hakan Nan DAI okay pain din Yana radiating zuwa bayanka ko ina? A'a baya radiating just a wuri Daya ne kawai Okay akwai Wani Abu Wanda kasan Wani Abu Wanda Yana baka sauki? Kai Babu bansani ba ko kuwa Abu Wanda Yana tada pain din? Bansani ba Okay kana da fever a cikin wannan pain? Ehh akwai fever haka akwai zafin jiki Okay kana iya cin abinci sosai? Ba sosai ba kayi amai a cikin wannan Ehh Ina amai Hakanan DAI kama sau uku so nawa? Kaman sau uku Okay kana zawo kuma? A'a bana zawo kana cikin ka ya kumbura? A'a cikina bai kumbura ba kanayin fitsari frequently A'a babu kanajin ciwo Lokacin wanda kanayin fitsari? A'a banajin zafi Okay nagode examination findings temperature dinshi 38°C respiratory rate cycles per minute SPO2 98% pulse rate 90 bpm BP 120/80mmHg abdomen on abdominal examination nagan right iliac fossa tenderness guarding rebound tenderness positive rovsing and McBurney's signs,8.772,0.8059,0.3976,0.9234,0.4722,
data/clips/igbo_00.wav,igbo,afriswitchcare,sahara-v2.5,"To coming and thank it good afternoon how you don't at them by you can coming have a seat by so I just have a few questions for your keep hold starting. After 28, Kedu ọrụ ị na-arụ na-arụ ọrụ site na m na-akpa isi OK Lola Dalụ gị Church in ekpe jee Muslimchani bụ onye Igbo na eji bịa ụlọ ọgwụ taa na-afụ m ụfụ When the pain that three days ago, so how do The pain field to you sharp pain a dulping and aching pain akin pm on did it pass gradually or all of a sudden All of the OK, alright, and the pain does it go to need part of your body ndanda alright, okay, so on the skin of one to 10 if one is a smalllest pain and 10 is the highest amount of pain. What pain score would you? If this pain are feeling now 8 you know that mix the pain better or worse that na igwe ahụ ọkụ na afọ ọsịsa nda nke omenafu mba Are you having any discharge from your plea part Christian findly vehicle also. So that discharge. Does it have beat smelling fistula checking. Okay just a few more questions do you know the next questions gent to be a bit sensitive, but then information is For me to arrive at a diagnosis or do you have a single sex partner or you have more sexual partners more people care and do you use protection when you meet your partners about your period na when last use your period 3 weeks ago
However, have you over had this type of organ before that coming has been to ever told before that you have sexually transmitted infection just failed before and just then seem blood to the practice parties, OK just a few more question so generally to for your general health now Are you having any chest pain cough or else, I have been joint pains or weakness how bad your eyes site? Are you seeing very well that Okomi to mear ahụ gan still just lie drip them just do a joint examination of you. OK fill discomfort any pointing. Time just let me know allow store also can get just to few more questions to ask you have you have you been diagnosed of any medical condition in the past of you have in told if you have high blood pressure hypertension or diabetes can even told that you have ulcer Over reacted to need drug in the past before are you are you country taking any drug right now. So before I move on to what I'm suspecting that you have you have any questions for me that so from my examination of young everything that you told me My suspicion is that you knows likely have sexual transport infection that caused you to happen what we call a PID that a pelvic inflammatory disease that when that sexual transact infection goes up to the internal organs, your female internal organs as your wounds and your tubes. Okay now is just a suspicion will have to still do some tests to confirm the disease No, which organs causing infections so that we can treat it. Okay, okay. So I think to do a test for you called the vaginal swap test, or good to do with a high vaginal subtest and a cervical sub test for us is a culture test to send to the lab result in out in treat to for the business that is also we can treat Okay to the full block cancer for suggest check your general health and sure that it's nothing us when we get your best
No, then we will let you know the treatment plan we have for you. That's okay. Some good through the lab. Thank you very much for coming to a state today. Thank you. Take alright hereby
","00:01:50] : You can come in. : Okay, thank you sir. Alright, okay. Good afternoon Doc. Good afternoon, how are you doing? I'm fine, adị m mma. Alright, that's okay. You can come in and have a seat. Thank you Doc. Alright. So I just have a few questions for you, ok before we start Ok. Ok. Afa ole ka ịdị now? Adị m 28. Ok. Ọrụ Kedu ọrụ ị na-arụ now? M na-arụ ọrụ saloon, m na-akpa isi. Ok. Alright. Ịlụ ọ na di? Mba, alụ bee m di. Ok. Kee chọọchị. I na-ekpe chọọchị ka i na-ekpe Muslim? M na-ekpe chọọchị Ok and I wu onye Igbo naa? Ee. Alright, ok. And gị wu ihe ịji bia ụlọ ọgwụ taa? Afọ na-afụm ụfụ. Okpuru afọ m. Ok. When did the pain start? 3 days ago. Ok so how how does the pain feel to you? Is it a sharp pain, a dull pain, an aching pain? Aching pain. Ọ na-egbu m mgbu. Ok. Alright. Did it start gradually or all of a sudden? All of a sudden Ok. Alright, and the pain, does it go to either part of your body? Mba, mba. Alright, ok. On a scale of 1-10, if 1 is the smallest pain and 10 is the highest amount of pain. What pain score would you give this pain you're feeling now? 8 Ok. Alright. Is there anything you know that makes the pain better or worse No, no Ok, ok. That's alright. I na-enwe ahụ ọkụ? Ee, m na-enwe arụ ọkụ. Ok. I na-agbọ agbọ? Mba Ok. I na-enwe afọ ọsịsa? Mba Ok. Mgbe I na-anyụ mamịrị, ọ na-afụ gị ụfụ? Mba Ok. Are you having any discharge from your private part? Ee, ee. E notice mia 5 days ago Alright, ok. So in that discharge, does it have a bad smell? Ee, ọ na-esi isi Ok. And ọ na-acha green Alright, alright. Ok. Just a few more questions. Do you, I don't know. The next question is going to be a bit sensitive, but then, the information is necessary for me to arrive at a diagnosis alright? Ok. Ok, do you have a single sex partner or do you have multiple sexual partners? Multiple Ok, and do you use protection when you meet your partners? Mba. Alright. About your period now, when last did you see your period? 3 weeks ago Ok, ok. Alright, have you ever, have you ever had this type of problem before? No. No Ok. Has any hospital ever told you before that you have a sexually transmitted infection? Mba, no. Ok. Have you ever just stayed before and you just started having blood in your private part? Mba, mba. Alright, ok. Just a few more questions. Ok. Generally too, for your general health now, are you having any chest pain ? No Cough? No Ok. Now, what else, are you having any joint pain or weakness? No Alright. How about your eyesight? Are you seeing very well? Yes Ok, that's nice, ok. A chọọ m, a chọọ m ilere ahụ gị now, ok? Ok. So, I want you to just lie down briefly, let me just do a general examination of you, ok? Ok. If you feel any discomfort at any point in time, just let me know and I will stop, alright? Ok Alright, you can get up now. Alright, just a few more questions to ask you. Have you, have you been diagnosed of any medical condition in the past, have you ever been told if you have high blood pressure (hypertension) or diabetes? No Have you ever been told that you have ulcer? No Alright. Ok. Have you ever reacted to any drug in the past before? No. Ok. Are you currently taking any drug right now? No Ok. Alright, ok. So before I move on to what I'm suspecting that you have or do you have any questions for me ? No, no. I don't. Ok, alright. So from my examination of you and everything that you've told me. My suspicion is that you most likely have a sexually transmitted infection that has caused you to have what we call, a PID, that's a Pelvic Inflammatory Disease, that's when that sexually transmitted infection goes up to the internal organs, your female internal organs, that's your womb and your tubes. Now, it's just a suspicion, we'll have to still do some tests to confirm the disease and know which of the organism is causing the infection so we can treat it, ok? Ok. That's ok. So we're going to do a test for you. It's called the, a vaginal swab test. We're going to do a high vaginal swab test and a cervical swab test for you. So the culture test will be sent to the lab, the result will be out in 3-4 days. Then based on that result, we can treat, ok? Ok. You'll do a full blood count. So once you just check your general health and ensure that there's nothing else wrong with you. When we get the investigations, we will let you know. Then we'll let you know the treatment plan we have for you. Is that ok? Ok. It's alright. So, you can go to the lab. Thank you very much for coming to the hospital today. Thank you Doc, take care. Alright. Goodbye Bye-bye. .",16.41,0.4989,0.345,0.5964,0.3839,
data/clips/igbo_00.wav,igbo,afriswitchcare,whisper-large-v3-groq," Thank you Sir. Alright, ok. Good afternoon Doctor. Good afternoon, how are you doing? I am fine, how about you? Alright ok, you can come in and have a seat. Thank you Doctor. Alright, so I just have a few questions for you, ok, before we start. Ok. When did you get here? On the 28th. Ok, when did you arrive? No, I am not Muslim. Okay. Do you have a daughter? Yes, I have a daughter. What is your church? Are you Muslim? Yes, I am. Okay. And you are a Muslim? Yes. Alright. Okay. And, so, when did you start to pray? I started to pray in the afternoon. Okay. When did the pain start? I am three days ago. Okay, so how does the pain feel to you? Is it a sharp pain, a dull pain, an aching pain? I am aching pain. Okay, all right. Did it start gradually or all of a sudden? All of a sudden. Okay, all right. And the pain, does it go to another part of your body? Mba mba. Alright okay So on a scale of 1 to 10 if 1 is the smallest pain and 10 is the highest amount of pain what pain score would you give this pain you feeling now 8 Okay alright Is is anything you know that makes the pain better or worse you know okay okay that all right you need me a hawk and a rock okay in our bubble Yes. Okay. Do you have any other problems? Yes. Okay. I am a new man, I have to go home. Yes. Okay. Are you having any discharge from your private parts? Yes. I have been having it for five days. Alright. Okay. So, that discharge, does it have a bad smell? Yes, only a little bit. Okay. I don't have a bad smell. Alright. Alright. Okay, just a few more questions. Do you, I don't know, the next question is going to be a bit sensitive but the information is necessary for me to arrive at a diagnosis, alright? Okay. Do you have a single sex partner or do you have multiple sexual partners? Multiple. Okay. And do you use protection when you meet your partners? Yes. Alright. About your period now, when was the last time you saw your period? Three weeks ago. Okay, okay, alright. Have you ever had this type of problem before No Okay Has any hospital ever told you before that you have a sexually transmitted infection okay have you ever just stayed before and just there's some blood from your private parts just just a few more questions so generally for your general health now are you having any chest pain no cough no okay um what else are you having joint pains or weakness no all right how about your eyesight are you seeing very well yes okay that's all right okay after me after me let her hook you now okay so i want you to just lie down briefly don't just do a general examination of you okay okay feel discomfort at any point in time just let me know and I'll stop, alright? Okay. Alright. Alright. Just a few more questions to ask you. Have you been diagnosed with any medical condition in the past? Have you ever been told if you have high blood pressure, hypertension or diabetes? No. Have you been told that you have also? No. Alright, okay. Have you ever reacted to any drug in the past before? No. Okay Are you currently taking any drug right now No Okay Alright So before I move on to what I suspecting that you have do you have any questions for me? No, no, I don't. Okay, alright. So from my examination of you and everything that you've told me, my suspicion is that you most likely have a sexually transmitted infection that has caused you to have what we call a PID that's a pelvic inflammatory disease that's when that sexual transit infection goes up to the internal organs your female internal organs that's your wombs and your tubes okay now it's just a suspicion we'll have to still do some tests to confirm and if it is it know which organs are causing the infection so that we can treat it okay okay that's okay so i'm going to do a test for you um called the um a vaginal swab test so we're going to do a high vaginal soft test and a cervical soft test for you so it's a cultural test to be sent to the lab results will be asked in three to four days then based on that result you can treat okay okay do the full block cast first just check your general health and make sure that there's nothing else wrong with you when we get your investigations we'll let you know the treatment plan we have for you is that ok? thank you thank you very much for coming to the hospital today thank you doc, take care alright, goodbye bye bye","00:01:50] : You can come in. : Okay, thank you sir. Alright, okay. Good afternoon Doc. Good afternoon, how are you doing? I'm fine, adị m mma. Alright, that's okay. You can come in and have a seat. Thank you Doc. Alright. So I just have a few questions for you, ok before we start Ok. Ok. Afa ole ka ịdị now? Adị m 28. Ok. Ọrụ Kedu ọrụ ị na-arụ now? M na-arụ ọrụ saloon, m na-akpa isi. Ok. Alright. Ịlụ ọ na di? Mba, alụ bee m di. Ok. Kee chọọchị. I na-ekpe chọọchị ka i na-ekpe Muslim? M na-ekpe chọọchị Ok and I wu onye Igbo naa? Ee. Alright, ok. And gị wu ihe ịji bia ụlọ ọgwụ taa? Afọ na-afụm ụfụ. Okpuru afọ m. Ok. When did the pain start? 3 days ago. Ok so how how does the pain feel to you? Is it a sharp pain, a dull pain, an aching pain? Aching pain. Ọ na-egbu m mgbu. Ok. Alright. Did it start gradually or all of a sudden? All of a sudden Ok. Alright, and the pain, does it go to either part of your body? Mba, mba. Alright, ok. On a scale of 1-10, if 1 is the smallest pain and 10 is the highest amount of pain. What pain score would you give this pain you're feeling now? 8 Ok. Alright. Is there anything you know that makes the pain better or worse No, no Ok, ok. That's alright. I na-enwe ahụ ọkụ? Ee, m na-enwe arụ ọkụ. Ok. I na-agbọ agbọ? Mba Ok. I na-enwe afọ ọsịsa? Mba Ok. Mgbe I na-anyụ mamịrị, ọ na-afụ gị ụfụ? Mba Ok. Are you having any discharge from your private part? Ee, ee. E notice mia 5 days ago Alright, ok. So in that discharge, does it have a bad smell? Ee, ọ na-esi isi Ok. And ọ na-acha green Alright, alright. Ok. Just a few more questions. Do you, I don't know. The next question is going to be a bit sensitive, but then, the information is necessary for me to arrive at a diagnosis alright? Ok. Ok, do you have a single sex partner or do you have multiple sexual partners? Multiple Ok, and do you use protection when you meet your partners? Mba. Alright. About your period now, when last did you see your period? 3 weeks ago Ok, ok. Alright, have you ever, have you ever had this type of problem before? No. No Ok. Has any hospital ever told you before that you have a sexually transmitted infection? Mba, no. Ok. Have you ever just stayed before and you just started having blood in your private part? Mba, mba. Alright, ok. Just a few more questions. Ok. Generally too, for your general health now, are you having any chest pain ? No Cough? No Ok. Now, what else, are you having any joint pain or weakness? No Alright. How about your eyesight? Are you seeing very well? Yes Ok, that's nice, ok. A chọọ m, a chọọ m ilere ahụ gị now, ok? Ok. So, I want you to just lie down briefly, let me just do a general examination of you, ok? Ok. If you feel any discomfort at any point in time, just let me know and I will stop, alright? Ok Alright, you can get up now. Alright, just a few more questions to ask you. Have you, have you been diagnosed of any medical condition in the past, have you ever been told if you have high blood pressure (hypertension) or diabetes? No Have you ever been told that you have ulcer? No Alright. Ok. Have you ever reacted to any drug in the past before? No. Ok. Are you currently taking any drug right now? No Ok. Alright, ok. So before I move on to what I'm suspecting that you have or do you have any questions for me ? No, no. I don't. Ok, alright. So from my examination of you and everything that you've told me. My suspicion is that you most likely have a sexually transmitted infection that has caused you to have what we call, a PID, that's a Pelvic Inflammatory Disease, that's when that sexually transmitted infection goes up to the internal organs, your female internal organs, that's your womb and your tubes. Now, it's just a suspicion, we'll have to still do some tests to confirm the disease and know which of the organism is causing the infection so we can treat it, ok? Ok. That's ok. So we're going to do a test for you. It's called the, a vaginal swab test. We're going to do a high vaginal swab test and a cervical swab test for you. So the culture test will be sent to the lab, the result will be out in 3-4 days. Then based on that result, we can treat, ok? Ok. You'll do a full blood count. So once you just check your general health and ensure that there's nothing else wrong with you. When we get the investigations, we will let you know. Then we'll let you know the treatment plan we have for you. Is that ok? Ok. It's alright. So, you can go to the lab. Thank you very much for coming to the hospital today. Thank you Doc, take care. Alright. Goodbye Bye-bye. .",3.878,0.3531,0.2218,0.4794,0.2603,
data/clips/igbo_00.wav,igbo,afriswitchcare,assemblyai-universal,"Can I come in? Okay, thank you, sir. All right, okay. Good afternoon, doc. Good afternoon, how are you doing? I'm fine at the moment. Right, okay, you can come in, have a seat. Thank you, doc. All right, so I just have a few questions for you, okay, before we start. Okay. Okay, how old is the kid now? Um, as in 28. Okay, and the old Kilori naru na? Nararu salo na baysi. Okay, all right. Ilola di? Mbali bendi. Okay, uh, ke church kini kwi church kini kwi Muslim? Nne kwi church. Okay, aniboni bona? Ee. All right, okay. And, uh, so kimi nje biyologo cha? Mm, afuna afu mufu. Okay, okay. Um, when did the pain start? Um, three days ago. Okay, so how how how does the pain feel to you? Is it a sharp pain, a dull pain, an aching pain? I am aching pain. Only bones. Okay, all right. Did it start gradually or all of a sudden? All of a sudden. Okay, all right. And the pain does it go to another part of your body? Bamba. All right, okay. Um, so on a scale of one to ten, if one is the smallest pain and ten is the highest amount of pain, what pain score will you give this pain you're feeling now? Eight. Okay, all right. Is there anything you know that makes the pain better or worse? No, no. Okay, okay. That's all right. In a way, I'm okay. And never okay. Okay, in Abu Abu. Mba. Okay, in Iwafo sister. Mba. Okay, mina new man rona Fugofu. Mba. Okay, um, are you having, um, any discharge from your private parts? Eh eh, I noticed them yeah five days ago. All right, okay. So that discharge now does it have a bad smell? I don't need history. Okay. I don't attack them. All right, all right, all right. Okay, um, just a few more questions. Um, do you, um, I don't know, um, the next question is going to be a bit sensitive, but then the information is necessary for me to arrive at a diagnosis. All right? Okay. Okay, do you have, um, a single sex partner or do you have multiple sexual partners? Um, multiple. Okay, and do you use protection when you meet your partners? Never. All right, um, uh, about your period now, when last did you see your period? Um, 3 weeks ago. Okay, okay, all right. Have you ever, have you ever had this type of, of problem before? That they're coming? No. Okay. Has any hospital ever told you before that you have a sexually transmitted infection? Never. No. Okay. Have you ever just stayed before and you just started seeing blood on your private parts? Never. Never. All right. Okay. Just, just a few more questions for you. So generally, so for your general health now, are you having any chest pain? No. Cough? No. Okay, um, what else? Are you having any joint pains or weakness? No. All right, how about your eyesight? Are you seeing very well? Yes. Okay, that's all right. Okay, after me, after me, let her hug you now, okay? So I want you to just lie down briefly. Let me just do a general examination of you, okay? Okay. Feel discomfort at any point in time, just let me know and I'll stop. All right? Okay. All right, we can get back. All right, um, just a few more questions, um, to ask you. Uh, have you, have you been diagnosed of any medical condition in the past? Have you ever been told if you have high blood pressure, hypertension, or diabetes? No. Or have you been told that you have ulcer? No. All right, okay. Uh, have you ever reacted to any drug in the past before? No. Okay. Um, are you currently taking any drug right now? No. Okay. All right, okay. So before I move on to what I'm suspecting, um, that you have, uh, do you have any questions for me? No, no, I don't. Okay, all right. Um, so from my examination of you and everything that, um, you've told me, um, my suspicion is that you most likely have, um, a sexually transmitted infection that's caused you to have what we call a PID. That's a pelvic inflammatory disease. That's when that sexually transmitted infection goes up to the internal organs, your female internal organs. That's your wombs and your tubes, okay? But for now, it's just a suspicion. Uh, we'll have to still do, um, some tests to confirm, and if it is it, know which organism is causing the infection so that we can treat it. Okay? Okay. That's okay. So we're going to do a test for you, um, called the, um, a vaginal swab test. We're going to do a high vaginal swab test and a cervical swab test for you. So it's a culture test to be sent to the lab. Results will be out in 3 to 4 days, then based on that result we can treat, okay? Okay. Do full blood counts for us to just check your general health and ensure that there's nothing else wrong with you. When we get your investigations, we'll let you know, then we'll let you know the treatment plan we have for you. Is that okay? Okay. It's all right. So you can go to the lab. Thank you very much for coming to the hospital today. Thank you, Doc. Take care. All right, goodbye. Bye-bye.","00:01:50] : You can come in. : Okay, thank you sir. Alright, okay. Good afternoon Doc. Good afternoon, how are you doing? I'm fine, adị m mma. Alright, that's okay. You can come in and have a seat. Thank you Doc. Alright. So I just have a few questions for you, ok before we start Ok. Ok. Afa ole ka ịdị now? Adị m 28. Ok. Ọrụ Kedu ọrụ ị na-arụ now? M na-arụ ọrụ saloon, m na-akpa isi. Ok. Alright. Ịlụ ọ na di? Mba, alụ bee m di. Ok. Kee chọọchị. I na-ekpe chọọchị ka i na-ekpe Muslim? M na-ekpe chọọchị Ok and I wu onye Igbo naa? Ee. Alright, ok. And gị wu ihe ịji bia ụlọ ọgwụ taa? Afọ na-afụm ụfụ. Okpuru afọ m. Ok. When did the pain start? 3 days ago. Ok so how how does the pain feel to you? Is it a sharp pain, a dull pain, an aching pain? Aching pain. Ọ na-egbu m mgbu. Ok. Alright. Did it start gradually or all of a sudden? All of a sudden Ok. Alright, and the pain, does it go to either part of your body? Mba, mba. Alright, ok. On a scale of 1-10, if 1 is the smallest pain and 10 is the highest amount of pain. What pain score would you give this pain you're feeling now? 8 Ok. Alright. Is there anything you know that makes the pain better or worse No, no Ok, ok. That's alright. I na-enwe ahụ ọkụ? Ee, m na-enwe arụ ọkụ. Ok. I na-agbọ agbọ? Mba Ok. I na-enwe afọ ọsịsa? Mba Ok. Mgbe I na-anyụ mamịrị, ọ na-afụ gị ụfụ? Mba Ok. Are you having any discharge from your private part? Ee, ee. E notice mia 5 days ago Alright, ok. So in that discharge, does it have a bad smell? Ee, ọ na-esi isi Ok. And ọ na-acha green Alright, alright. Ok. Just a few more questions. Do you, I don't know. The next question is going to be a bit sensitive, but then, the information is necessary for me to arrive at a diagnosis alright? Ok. Ok, do you have a single sex partner or do you have multiple sexual partners? Multiple Ok, and do you use protection when you meet your partners? Mba. Alright. About your period now, when last did you see your period? 3 weeks ago Ok, ok. Alright, have you ever, have you ever had this type of problem before? No. No Ok. Has any hospital ever told you before that you have a sexually transmitted infection? Mba, no. Ok. Have you ever just stayed before and you just started having blood in your private part? Mba, mba. Alright, ok. Just a few more questions. Ok. Generally too, for your general health now, are you having any chest pain ? No Cough? No Ok. Now, what else, are you having any joint pain or weakness? No Alright. How about your eyesight? Are you seeing very well? Yes Ok, that's nice, ok. A chọọ m, a chọọ m ilere ahụ gị now, ok? Ok. So, I want you to just lie down briefly, let me just do a general examination of you, ok? Ok. If you feel any discomfort at any point in time, just let me know and I will stop, alright? Ok Alright, you can get up now. Alright, just a few more questions to ask you. Have you, have you been diagnosed of any medical condition in the past, have you ever been told if you have high blood pressure (hypertension) or diabetes? No Have you ever been told that you have ulcer? No Alright. Ok. Have you ever reacted to any drug in the past before? No. Ok. Are you currently taking any drug right now? No Ok. Alright, ok. So before I move on to what I'm suspecting that you have or do you have any questions for me ? No, no. I don't. Ok, alright. So from my examination of you and everything that you've told me. My suspicion is that you most likely have a sexually transmitted infection that has caused you to have what we call, a PID, that's a Pelvic Inflammatory Disease, that's when that sexually transmitted infection goes up to the internal organs, your female internal organs, that's your womb and your tubes. Now, it's just a suspicion, we'll have to still do some tests to confirm the disease and know which of the organism is causing the infection so we can treat it, ok? Ok. That's ok. So we're going to do a test for you. It's called the, a vaginal swab test. We're going to do a high vaginal swab test and a cervical swab test for you. So the culture test will be sent to the lab, the result will be out in 3-4 days. Then based on that result, we can treat, ok? Ok. You'll do a full blood count. So once you just check your general health and ensure that there's nothing else wrong with you. When we get the investigations, we will let you know. Then we'll let you know the treatment plan we have for you. Is that ok? Ok. It's alright. So, you can go to the lab. Thank you very much for coming to the hospital today. Thank you Doc, take care. Alright. Goodbye Bye-bye. .",9.41,0.3643,0.1879,0.4849,0.2304,
data/clips/pidgin_00.wav,pidgin,afriswitchcare,sahara-v2.5,,"Good afternoon how are you doing I'm Dr. Okenla welcome to our clinic today. What's your name sir? yeah I'm ifeoluwa Okay how old are you? I'm 28 years okay what do you do? Yeah I'm a student okay are you married? No not at all so what brought you to our clinic today? Yeah I started having this stomach pain for how long now? Yeah for the past 4 days now I have been having this pain where exactly in the your on tummy are you having the pain? yeah it located around my upper stomach ohh really okay then did you notice maybe after starting from your upper stomach to other parts? Yeah after some time it started moving to the right my right side my right side there just lower at lower side okay so how did it start was it sudden or gradually? No it was gradually it started increasing and the pain now is currently unbearable ohh wow the pain can you describe the pain is it biting is it aching is it stabbing in nature ? I feel a lot of ohh wow on a scale of 1-10 can you help me rate the pain ? Doctor I rate it 8, 8 ohh that's that's a whole lot does this pain radiate to any part of your body maybe your back? Just my stomach doctor just my stomach okay is there anything you do that help you relieve it or worsen this pain Doctor I don't do anything it's always very painful okay there's nothing that you do that help relieve the pain nothing relieves it okay any fever are you running temperature yes I started running temperature too another 4 days ago okay is the temperature high like is it high grade yes it is it is doctor any vomiting? Yes I have been vomiting I vomited like 3 times today alone Okay what's the color of the vomiting is it watery ? yes everything I ate nothing is in my stomach I have been vomiting it okay any mucus in the vomiting? No not at all no blood as well no blood nothing alright any diarrhea passage of watery stool? NO am not passing anything Okay did you notice that your tummy is getting bigger No nothing in my stomach Okay Did you notice that the rate at which you pee has also increase that you have to go to toilet more frequent to pee than usual No No not at all any painful urination you don't feel pain you're urinating? No I don't feel any pain I don't feel any pain Okay alright Doctor I also not have been eating like if I see food like this I will not be able to eat okay you don't lost weight at any point? No I have not Alright do you drink do you smoke ? No I don't drink okay does this pain get worse when you take fatty food? No it doesn't No alright no problem so any cough you're not having cough? No am not having cough you're not having chest pain ? No not at all Alright so I will examine you now okay On General examination on a young man in painful distress not pale anicteric edema On Abdominal examination the abdomen is full respiration there's right iliac fossa tenderness is guarding rebound tenderness and is positive rovsing and McBurney's sign On cardiovascular examination BP is 120/80 pulse rate is bpm s1 and s2 no added sound on respiratory examination chest is respiratory rate is 12 cycles per minute breath sounds are vesicular or no lung zones SPO2 is 98% so based on the history and physical examination is suggesting that you have most likely an acute appendicitis Doctor hope am not going to dies from this pain like this No no no no acute appendicitis is actually not a death sentence is a surgical case so what we do is surgery to remove the appendix and the appendix get inflamed or infected that's what we call appendicitis, so we just we'll inform the surgeon and then we'll know what next but before we do that we'll run some basic medications we will do your full blood count group and cross match of blood we'll do ur EUs as well we'll place you on MPO to stop and place on normal saline with destrous water and also place you on some antibiotics as well Flagyl 500mg for surgery when everything is ready so do you have any questions No not at all thank you very much Alright",,,,,,400 Client Error: Bad Request for url: https://infer.voice.intron.io/file/v1/upload
data/clips/pidgin_00.wav,pidgin,afriswitchcare,whisper-large-v3-groq," Good afternoon, how are you doing? I'm Dr. Okinla. Welcome to our clinic today. What's your name sir? Yeah, I'm Fivoloa. Okay, how old are you? I'm 28 years. Okay, what do you do? I'm a student. Okay, are you married? No, not at all. So what brought you to our clinic today? Yeah, I started having this stomach pain. For how long now? For past 4 days now I have been having this pain Where exactly in your tummy are you having the pain? Located around my upper stomach Oh really? Did you notice after starting from your upper stomach it moved to the lower part of your tummy? Yes, after some time it started moving to my right side Just lower and lower side Okay, so how did it start? Was it sudden or gradual? It was gradual, it started increasing and the pain now is currently unbearable Oh wow, can you describe the pain? Is it biting? Is it aching? Is it stabbing in nature? It's a lot aching, I feel a lot of it On a scale of 1 to 10, can you give me the rate of the pain? With 10 being the most unbearable pain ever and 1 being... Doctor I rate it 8 That a lot Does this pain radiate to any part of your body No just my stomach doctor Is there anything you do that helps you relieve it or worsens this pain I don't do anything. It's always very painful. There's nothing that you do that helps relieve the pain? No, nothing relieves it. Any fever? Are you running temperature? Yes, I started running temperature around 4 days ago. Is temperature high? Like an easy high grade? Yes, it is. It is true doctor. I am still vomiting Yes I have been vomiting I vomited like 3 times today alone What's the color of the vomit? It's all very clean, nothing is in my stomach I have been vomiting Any mucus in the vomit? No blood Any diarrhea? I am not passing anything Did you notice that your thumb is getting bigger? No, not in my skin mark Did you notice that the rate at which you pee has also increased? Like you have to go to the toilet to pee more frequently? No, not at all Any pain through urination? You don't feel pain when you are urinating? No, I don't feel any pain Okay, alright Doctor, I have also not been eating...if I see food like this, I will not be able to eat it And you have not lost weight at any point? No I have not Do you drink Do you smoke No I don drink Does this pain get worse when you take fatty food No it doesn So any cough? An avin cough? An avin chest pain? No, not at all So I will examine you now On general examination young man in painful distress, not pale, anecteric, asianos, fibra with determination of 30 degree Celsius, not diadese, not pedi-idema. So, na abdoumena is amnesyon, na abdoumena is full, mousi is respiration, is right iliak fosa tendanis, is guardian, Rebound tenderness Positive Roxin and Magonis On cardiovascular examination BP is 128 Pulse rate is 90 beats per minute S1 and S2 no added sound On respiratory examination Chest is Respiratory rate is 12 cycles per minute Breadth sounds are vascular on all lung zones SPOT is 98% So based on the history and fiscal examination it suggesting that you have most likely have an acute appendicitis I mean, the doctor hope I'm not going to die from this pain like this. No, no, no, no, no. Acute appendicitis is actually, it's not a death sentence, it's a surgical case. So, what we do is a surgery to remove the appendix. When the appendix gets inflamed or infected, that's what we call appendicitis. So, we just inform the surgeon and then we will know what next. But before we do that, we will run some basic investigations. We will do your full blood count. We will group and cross match at least 2 units of blood. We will do your EUS, electrolyte, rare and creatinine as well. an do ou plase yo an MPO, you stop feeding for now, an plase yo an IV fluids, normal seline, notanit, with dextrous water, an also plase yo an some antibiotics as well, IV septrazone, 1 gram tefal, with IV flak, 500 mg etal, then, we will take you in for surgery, when everything is ready. So do you have any question? No, not at all, thank you very much Alright","Good afternoon how are you doing I'm Dr. Okenla welcome to our clinic today. What's your name sir? yeah I'm ifeoluwa Okay how old are you? I'm 28 years okay what do you do? Yeah I'm a student okay are you married? No not at all so what brought you to our clinic today? Yeah I started having this stomach pain for how long now? Yeah for the past 4 days now I have been having this pain where exactly in the your on tummy are you having the pain? yeah it located around my upper stomach ohh really okay then did you notice maybe after starting from your upper stomach to other parts? Yeah after some time it started moving to the right my right side my right side there just lower at lower side okay so how did it start was it sudden or gradually? No it was gradually it started increasing and the pain now is currently unbearable ohh wow the pain can you describe the pain is it biting is it aching is it stabbing in nature ? I feel a lot of ohh wow on a scale of 1-10 can you help me rate the pain ? Doctor I rate it 8, 8 ohh that's that's a whole lot does this pain radiate to any part of your body maybe your back? Just my stomach doctor just my stomach okay is there anything you do that help you relieve it or worsen this pain Doctor I don't do anything it's always very painful okay there's nothing that you do that help relieve the pain nothing relieves it okay any fever are you running temperature yes I started running temperature too another 4 days ago okay is the temperature high like is it high grade yes it is it is doctor any vomiting? Yes I have been vomiting I vomited like 3 times today alone Okay what's the color of the vomiting is it watery ? yes everything I ate nothing is in my stomach I have been vomiting it okay any mucus in the vomiting? No not at all no blood as well no blood nothing alright any diarrhea passage of watery stool? NO am not passing anything Okay did you notice that your tummy is getting bigger No nothing in my stomach Okay Did you notice that the rate at which you pee has also increase that you have to go to toilet more frequent to pee than usual No No not at all any painful urination you don't feel pain you're urinating? No I don't feel any pain I don't feel any pain Okay alright Doctor I also not have been eating like if I see food like this I will not be able to eat okay you don't lost weight at any point? No I have not Alright do you drink do you smoke ? No I don't drink okay does this pain get worse when you take fatty food? No it doesn't No alright no problem so any cough you're not having cough? No am not having cough you're not having chest pain ? No not at all Alright so I will examine you now okay On General examination on a young man in painful distress not pale anicteric edema On Abdominal examination the abdomen is full respiration there's right iliac fossa tenderness is guarding rebound tenderness and is positive rovsing and McBurney's sign On cardiovascular examination BP is 120/80 pulse rate is bpm s1 and s2 no added sound on respiratory examination chest is respiratory rate is 12 cycles per minute breath sounds are vesicular or no lung zones SPO2 is 98% so based on the history and physical examination is suggesting that you have most likely an acute appendicitis Doctor hope am not going to dies from this pain like this No no no no acute appendicitis is actually not a death sentence is a surgical case so what we do is surgery to remove the appendix and the appendix get inflamed or infected that's what we call appendicitis, so we just we'll inform the surgeon and then we'll know what next but before we do that we'll run some basic medications we will do your full blood count group and cross match of blood we'll do ur EUs as well we'll place you on MPO to stop and place on normal saline with destrous water and also place you on some antibiotics as well Flagyl 500mg for surgery when everything is ready so do you have any questions No not at all thank you very much Alright",3.148,0.373,0.2723,0.5371,0.314,
data/clips/pidgin_00.wav,pidgin,afriswitchcare,assemblyai-universal,"Günaydın, nasılsın? Ben Dr. Okenla. Hoşgeldin klinikaya bugün. Adın nedir? Ben Fivoloa. Ne kadar yaşındasın? 28 yaşındayım. Ne yapıyorsun? Ben bir öğrenciyim. Evet, evli misin? Hayır, asla değil. Bu neden klinikaya gittin bugün? Evet, beynim ağrımaya başladı. Ne kadar uzun sürdü? Evet, 4 gün sonra, ben bu sakinlik gün sonra, ben mi? bu Evet, 4 sakinlik mi? Evet, 4 gün ben bu sakinlik sonra mi? Evet, 3 gün sonra, ben bu sakinlik mi? Evet 3 gün sakinlik mi? Evet sonra, 3 ben bu ben bu sakinlilik mi? mi?... sakinik 3 Evet ben 4 gün sonra, ben bu sakinlik bu sakinlik mi?... Evet 3 gün sonra, ben bu sakinlik mi?... Evet 3 gün sonra, ben bu sakinik mi?... Evet 3 gün sonra, Ben bu sakinik mi?... Evet 4 gün sonra, Ben bu sakinik mi?... Evet 4 gün Gradually, sonra, ben bu sakinlik mi?... o inceleyece ve pan inceleyece ve pan inceleyece ve pan inkeleyece ve pan inkeleyece ve pan inkeleyece ve pan inkeleyece ve pan inkeleyece ve ve pan inkeleyece ve pan pan inkeleyece ve pan inkeleyece ve pan ikkeleyece ve pan inkenleyece ve pan inkenleyecek ve pan inkeleyecek inkeleyeyecek ve pan inkeleyeyecek ve pan inkeleyeyecek ve pan inkeleyeyecek ve Doktor, bu 8! 8! Bu bir pan sürü! Bu bir sürü! Bu doktor, inkeleyeyecek bu doktor, bu ve bir sürü! Doktor, bu doktor, bu bir sürü! Bu bir sürü! Bu bir sırü! Bu bir sürü! Evet, bu doğru doktor. Vomit yedin mi? Evet, 3 kere vomit yedim bugün tek. Vomitlerin renk ne? Yedin mi? Evet, vomit yedim, kocamda hiçbir şey yoktu, ama vomit yi yedim. Vomitlerde mucus var mı? Hayır, hiçbir şey yoktu. Sadece yiyeceklerim var. Sadece bir şey yoktu. Hiçbir şey yoktu. Tamam, hangi diarreya, hangi pasaj, hangi istihbarat? Hayır, ben hiçbir şey yapmadım Doktor, hiçbir şey yapmadım Anladın mı, ağzın daha büyüktüğünü? Hayır, ben hiç anlayamadım Anladın mı, ağzın daha büyüktüğünü anladın mı? Hayır, hayır, hiç anlayamadım. Hangi acı duygusunu hissediyorsun? Hangi acı duygusu hissediyorsun? Hayır, hiçbir acı hissedemiyorum, hiçbir acı hissedemiyorum Tamam Ama eğer böyle bir yemeği görürsem, yemeği yiyebileceğimi bilmiyorum Ve bir anlık kafasını kaybettin mi? Hayır, kaybettim Sen ne içiyorsun, ne sokuyorsun? Hayır, ben hiçbir şey içmiyorum Ve bu acı, fatih yiyeceği alır mı? Hayır, yiyemez, hayır Tamam, sorun yok Bir kafa var mı? Ben kafa almadım Ben de kafa almadim ve chest pain yok mi? yok, asli yok ummm, so beni izameneyecek ok, genelizasyon ummm, genelizasyon ummm, geneklik yaman, acil stres yaman, anikterik, acidosis, ummm ummm, ummm, umum, umum, umum, umum umum umum, umu umum umum umum umu umum umu umu umum umu umu umum uum umum um uumum umum umum umum um umum um uum umum umum uumum uum um umum um umum um uumum u umb um Abdomen um u u full, um um u mouse is respiration, right iliac fossa tenderness, guardian, rebound tenderness, positive roxane and mcburnness sign. On cardiovascular examination, BP is 128, pulse rate is 90 beats per minute, S1 and S2 no added sound. On respiration examination, chest is Respiratory rate is 12 cycles per minute. Breath sounds are vascular on all lung zones. SpO2 is 98 percent. Based on the history and physical examination, it is suggested that you most likely have an acute appendicitis. I mean the doctor hope I'm not going to die from this pain like this. No, no, no, no. Acute appendicitis is actually It's not a death sentence, it's a surgical case. So what we do is surgery to remove the appendix. When the appendix gets inflamed or infected, that's what we call appendicitis. So we just inform the surgeon and then we'll know what next. But before we do that, we'll run some basic medications to do your full blood count. Mbupan Crossmatch, at least 2 units of blood. We do your e-use, electrolytes, urea and creatinine as well. And we'll place you on NPO, you stop feeding for now. And place you on IV fluids, normal saline or tannins with dextrose water. And also place you on some antibiotics as well. IV ceftriazone, 1 gram to 5, IV flage, 500 mg per hour. Her şey hazır olduğunda sizi operatöre götürecek. Bir sorun var mı? Hayır, hiç sorun yok. Teşekkür ederim.","Good afternoon how are you doing I'm Dr. Okenla welcome to our clinic today. What's your name sir? yeah I'm ifeoluwa Okay how old are you? I'm 28 years okay what do you do? Yeah I'm a student okay are you married? No not at all so what brought you to our clinic today? Yeah I started having this stomach pain for how long now? Yeah for the past 4 days now I have been having this pain where exactly in the your on tummy are you having the pain? yeah it located around my upper stomach ohh really okay then did you notice maybe after starting from your upper stomach to other parts? Yeah after some time it started moving to the right my right side my right side there just lower at lower side okay so how did it start was it sudden or gradually? No it was gradually it started increasing and the pain now is currently unbearable ohh wow the pain can you describe the pain is it biting is it aching is it stabbing in nature ? I feel a lot of ohh wow on a scale of 1-10 can you help me rate the pain ? Doctor I rate it 8, 8 ohh that's that's a whole lot does this pain radiate to any part of your body maybe your back? Just my stomach doctor just my stomach okay is there anything you do that help you relieve it or worsen this pain Doctor I don't do anything it's always very painful okay there's nothing that you do that help relieve the pain nothing relieves it okay any fever are you running temperature yes I started running temperature too another 4 days ago okay is the temperature high like is it high grade yes it is it is doctor any vomiting? Yes I have been vomiting I vomited like 3 times today alone Okay what's the color of the vomiting is it watery ? yes everything I ate nothing is in my stomach I have been vomiting it okay any mucus in the vomiting? No not at all no blood as well no blood nothing alright any diarrhea passage of watery stool? NO am not passing anything Okay did you notice that your tummy is getting bigger No nothing in my stomach Okay Did you notice that the rate at which you pee has also increase that you have to go to toilet more frequent to pee than usual No No not at all any painful urination you don't feel pain you're urinating? No I don't feel any pain I don't feel any pain Okay alright Doctor I also not have been eating like if I see food like this I will not be able to eat okay you don't lost weight at any point? No I have not Alright do you drink do you smoke ? No I don't drink okay does this pain get worse when you take fatty food? No it doesn't No alright no problem so any cough you're not having cough? No am not having cough you're not having chest pain ? No not at all Alright so I will examine you now okay On General examination on a young man in painful distress not pale anicteric edema On Abdominal examination the abdomen is full respiration there's right iliac fossa tenderness is guarding rebound tenderness and is positive rovsing and McBurney's sign On cardiovascular examination BP is 120/80 pulse rate is bpm s1 and s2 no added sound on respiratory examination chest is respiratory rate is 12 cycles per minute breath sounds are vesicular or no lung zones SPO2 is 98% so based on the history and physical examination is suggesting that you have most likely an acute appendicitis Doctor hope am not going to dies from this pain like this No no no no acute appendicitis is actually not a death sentence is a surgical case so what we do is surgery to remove the appendix and the appendix get inflamed or infected that's what we call appendicitis, so we just we'll inform the surgeon and then we'll know what next but before we do that we'll run some basic medications we will do your full blood count group and cross match of blood we'll do ur EUs as well we'll place you on MPO to stop and place on normal saline with destrous water and also place you on some antibiotics as well Flagyl 500mg for surgery when everything is ready so do you have any questions No not at all thank you very much Alright",14.906,0.8259,0.6271,0.8843,0.6653,
data/clips/yoruba_00.wav,yoruba,afriswitchcare,sahara-v2.5,,"Good evening sir how are you doing today? Good evening ma. Okay my name is Doctor Ayọdeji I'll be your doctor today. é pẹlẹ sir Thank you ma Ki ló gbé yín wá sí hospital lé nìí E wo iko yii ni o, this cough. It's been, it's been disturbing me. Okay For three months now Okay so for three months le ti ni wúlò Yes Alright is there any other complaints apart from nkan te n wi? E wo ara mi mo ti jo I've lost a lot of weight in the last one month Alright e jẹ a kọ́kọ́ sọ̀rọ̀ nípa weight tẹ lose yẹn . Se é mimọ lose e ni? No no awọn ara ile mi my neighbours they said ""you're losing weight, you're losing weight"" they told me. I did not quickly notice it then I started seeing my clothes were coming loose. My sókótó, sókótó mi bayi now I have to make it tighter for it to stay. Let's come back to the cough now. iko yen e so pe ati bi three months ni se é le sọ pe otí worse lati ìgbà tó ti bẹ̀rẹ̀ àbí bo se ri láti ìgbà yẹn ló se rí nísinsìnyí No it has gotten worse for sure because the side gradually just a few times a day I was experiencing, I thought it was going to away in one week. You know normal cough but it did not go. But it now became more often at night every time, every time it's just always there now. So the cough is it worse during the day or at night? There is no special time Alright ṣe ọ ni nkankan tẹ e ma n se, boya any position tẹ bá take lẹ ma n notice pe ọ ma n he ki iko yen worse? There is no particular position, there is no particular position. Alright se é ní chest pain. Àyà ma n dun mi, yes I do. I have o ma n dun mi. Se tẹ bá n wukọ́ l'àyà ma n dun yin? yes igba mí gán ti n ba wúkọ́ àyà yẹn ma ti ma n min sinu. Tí mo bá mí kanlẹ̀. Ó ma dùn mǐ? Alright okay so tẹ ba wúkọ́ ṣe é notice bóyá ẹ tu nkankan jadé? yes I have some sputum yes o ma n ni ìgbà mí ẹ̀jẹ̀ ma wan bẹ díẹ̀ Ok kíni colour nkán tẹ n tu jáde. Ó ma ń brown gan Okay Ó ma ń yellowish brown báyìí. Ṣé ó má ń pọ̀? Ó ma ń pọ̀ díẹ̀ Ó má ń pọ̀ díẹ̀ Ta ba ni kẹ measure ẹ̀ ṣé o le to bi ideri plastic bottle? Ó ma tó bẹ Okay nínú ọjọ́ kan E ka sa sọ pẹ bi Okay ìdérí plastic bottle in one day alright. ṣe é notice pe ará yín gbóná? Ìyẹn ma n wa o ma n lọ, ko fi bẹ gbóná ṣùgbọ́n ti n ba wo si. Ti n ba fowo mi pé there's some fever Ṣé bó se ma n gbóná yẹn sọ ma n pọ gan ti ma gbóná ti gbogbo ara yín ma ma gbóná gan àbí ó kàn ma n rọra gbóná díẹ̀díẹ̀ ? Ó kàn gbóná díẹ̀díẹ̀ ni Ṣe é notice pe boya e ma n sweat la le tẹ ba n sun? o yes midnight I'm always sweating even if I baff o, even if I wear cloth only , remove cloth anything I do even if there's fan I'll still sweat in the night. Ok sir, alright thank you sir. Do you notice, ok sir I've asked you about chest pain earlier. I just want to confirm, is it worse at any position? bóyá tẹ bá ile down àbí tẹ ba dìde jókòó? . Did you notice anything like that? No no Alright sé orí ò fọ́ yín rí? That one do come I think sometimes because of the stress of the cough so every now and then headache. Ẹ pẹ̀lẹ́ Ẹ sé gan Ṣe mimi o difficult? o ma n fún mi ni wàhálà díẹ̀díẹ̀ àti mí o má ń le. O ma n le lati kun Ó ma n le láti min lẹ́ẹ̀kọ́ọ́kan alright ok ṣe iṣẹ́ wo léyìn se sir? Carpenter ni mi awọn carpenter Ni mo ma n se papo. Alright nibi iṣẹ tẹ wà nisin, só ní ìgbà kankan to ni e ti tẹ dé tí notice pé bóyá nkan to n se yin bóyá o tí ṣẹlẹ̀ sí ẹnìkan nínú family yin? Family no not anyone in my family, no one else coughs. No one in your family No one has cough like this ni recently ko ni ibi kan tẹ lo àbí tẹ dé sàkíyèsí pé ó ní ẹnìkan náà to ni bẹ ṣe n wúkọ́ yi. You know I traveled to Maiduguri recently for work, one contract, one government contract and my roommate the person I was sharing the hostel with was coughing. It's true he was coughing. So this person were you living in the same room together? Yeah it was about five months back. Yes we were sharing that room together. So they put all of us there. They put us in a hostel we shared, it was a contract that took a period so we had to share like that. Alright then have you ever been, when you were younger. Do you remember if you took immunization on your arm? Do you have any mark on your arm? Where they told you that this is immunization you took . No You don't have. No I don't. Okay do you have hypertension? Have you ever been told that you have hypertension? No Okay what about diabetes? No Okay have you ever been admitted in a hospital before? Admission? wọn o admit mi rí rárá. Okay ẹ dẹ̀ gb'ẹ̀jẹ̀ naa ri? Rárá mi o gb'ẹ̀jẹ̀ ri Ẹ o sisẹ́ abẹ rí? You mean surgery, no I have not surgery before. Se ma n mu oti? you know weekend and party na. Small small . So ẹ ma ń mu ọtí lẹ́ẹ̀kọ̀ọ̀kan. yes Bi bottles mélòó lẹ má ń mu ní bí ọ̀sẹ̀ kan? Bi two bottles of beer. That's all I drink. Okay cigar nko? That one I smoke cigarette óò. How many sticks did you say you smoke in a day? You know I started with one stick, two sticks but when work because very stressful I started doing like 10 sticks in a day. Ten sticks in a day okay alright then thank you very much sir. Now I don't know if you've heard of any disease called TB before. Do you know if anybody in your family has been treated for this TB before? Is it something you've heard about before? Yes I've heard about TB, you mean tuberculosis àbí? Yes tuberculosis has anybody gotten before? Is there any one in your family who has it? Since this thing started have you started taken any medication for it? I took one cough syrup benilim syrup moti lo coughlin. Mo lo capsule won ni antibiotics ni. Mo lo flemin náà Gbogbo àwọn ògùn tẹ lo yii ṣe ẹ notice any change ìgbà tẹ lo? Rárá rárá Ṣe é ti test to wọ n ma n se fún HIV ríi? Mi ò ti se ri ọ E se ri Mi ọ ti se ri ṣe ti marry? se ti ni ìyàwó? boys lawa o. okay but ẹ ní àwọn girlfriends. Yes. Bí mélòó lẹ ní? Ẹ mọ bí pé mo máa ń travel moní ní Ìbàdàn. Moní mẹ́ta ní Lagos. Gbogbo wọn bí six ṣá. Okay gbogbo àwọn six lẹ dẹ ma n ní ìbálòpọ̀ pẹ̀lú. Ó depend síbi tí mo bá wà. Ṣé ẹ má ń lo rọ́bà ìdáàbòbò tẹ́ bá n? Rárá mi o kì ń lò. I don't use protection. I don't believe in it. How old are you now sir? I'll be 36 this year. Okay so you're currently 35. Yes. Alright sir, do you notice any form of tiredness or weakness in your body since this thing started? Yes I'm always, I'm always tired any small work that I, I don't even have energy for work like that. Yes. Alright thank you very much for answering all my questions. So now what we're going to do is that we're going to do some tests for you from àwọn nkán t'ẹ́ tí sọ, o jọ wípé nkan bi méjì lo wa l'ọ́kàn wa. Só yé yín, àwọn nkán méjì tó wà l'ọ́kàn wa ni àrùn tuberculosis tí wọn n pè ní TB then àrùn jẹjẹrẹ to ma n ṣẹlẹ sí lungs. That's lung cancer. àwọn nkán méjì ta n rò náà nìyẹn. So a ma se àwọn test fún yin. Àwọn nkán tẹ n tu jáde, a ma lo se àyẹ̀wò lórí wọn ninu lab, a dẹ̀ ma ya fọ́tò àyà yín náà. A má se àwọn blood test náà a de ma jẹ́ ki ẹ mọ èsì ìdáhùn, àwọn àyẹ̀wò yìí láti lè mọ nkan ta ma se fún yin next. Now do you have any questions for me sir? I just want to ask this TB, you know I said I've heard about it but I don't know so much. Is it something that can be treated? I know that cancer can be very difficult to treat but can TB be treated? Yes sir, so you see TB is a disease. It's an infectious disease meaning that it is caused by bacteria right? àwọn kòkòrò ti a o lè f'ojú rí àwọn ni wọ́n se okùnfà àrùn ti wọ́n ń pě ní TB a tún pě ni tuberculosis. So antibiotics naa àwọn ògùn yìí o fẹ́ da bi antibiotics lo ma n lo fún nkán tó kàn ṣẹlẹ̀ ni pé ènìyàn má ń lo àwọn ògùn yìí fún ọjọ́ pípẹ́, ó lè tó bí oṣù mẹ́fà tàbí oṣù mẹ́sàn-án tí ènìyàn ma fi lo gbogbo ògùn yìí títí tí ara ènìyàn náà à fi yà ti fi clear gbogbo kòkòrò TB to wà nínú ẹni náà. Now tó bá jẹ́ pé ẹ ti gba abẹ́rẹ́ àjẹsára ti wọ́n má n lo fún TB ni kékeré. Bo jẹ́ pé ènìyàn gan wa nínú yàrá pẹ̀lú ẹni tó ní TB kò ní wúwo tó báyìí lára yín. 13:01:10 Thank you very much 13:05:06 You are welcome sir, enjoy the rest of your day. 13:09:05 And you you too ma",,,,,,400 Client Error: Bad Request for url: https://infer.voice.intron.io/file/v1/upload
data/clips/yoruba_00.wav,yoruba,afriswitchcare,whisper-large-v3-groq," ouch good evening sir how are you doing today? good evening ma ok my name is Dr. Yodeji I'll be your doctor today ouch eh peles sir thank you ma I should go on uh you caught in my hole this cough uh it's been disturbing me ok For three months now. Ok, so for three months. E ti wiko? Ben. Alright. Is there any other complaints apart from ikote and we? Ah, e wara mi. Motijyo. I've lost a lot of weight in the last one month. Alright. So eja kokoso wanipa weight te lose ni? She e momo lose ni? No, no. Eee, anwa arale mi, my neighbors, they say, ah, you are losing weight, oh, you are losing weight. They told me, I say, I did not quickly notice it. Then I started seeing that my clothes were coming loose, my shokoto. Shokoto, miba i, now I have to increase, make it tighter just for it to stay. Okay. All right. So, let's come back to the cough now. It has gotten worse for sure. Because it started gradually, yeah? ndi yi ghi a di i si tatu i ghi o si ghi a di i bwa nadi yi bwa e o mbe ki tatu i do nadi ni fio si kofi yi, nadi mi fio si o ndi, ndi mbo nadi si ghi fio si ati ndi, ndi e dhe ndi, ndi e ndi, ndi e ndi fio si adi e ndi you was doing the day or at night there is no special time or any time all right shooting cockatiel man should be a new position the batik the one who just do manje people you was there is no particular position there is a particular position all right shame chest pain Ayaman dwi mi, yes, I do. Ayaman dwi mi. Shi teban wuko ni ayaman dwi mi? Yes, inga mi goti nba wuko, ayaman ma ti ban mi sinu, ti ban mi kon li, ayaman dwi mi. Alright. Ok, so teban wuko she e notice beya entru nko kodjadi? Ah, yes, I have, I have, I produce some sputum. Yes, oman ni, mi gami eje, ma wanbe de. Ok, dato sejen eke ni konan konten si jaje? A, oman, oman brown gon. Ok. Yes, oman yellowish brown bayi ni. So oman kbo A oman kwo de o Oman kwo de o Eba ni ke ni ki me zyo l kdew dewi plastik botol A mank tobe ƒi ʒi ʒi. Nio djo kon? E, kasha sako ə bi ə bèni. Ok, ə dewi plastik botol. M. Rondi. All right. ƈə ʃo shi e nò, si sgò dè a rà yin gonon? E, ə nyè man wà ʒi man lò. we're clue to remove closer anything I do we dis fun house this works demand service you about chess ping India and that's what's upon is it was at with any position we have a ballet down they bad did it joku do you notice anything like that no no all right she real for you that one do come i think sometimes because of the stress of the cough so every now and then some headache Oman fwini wala dey dey Aksi mi oman li Ben oman li lasi mi biyani Len kon kon Ise wole ishe son Kapenta nimi । ੈ ੡ੀ ੬ੇ ੴ੍੯ ੥ੀ ੧੍੧੦ੀ ੓੖ੋ ੧ੀ੹ੀ੹ੀ੬ੋ੯ੁੀੁ੍ੇ੖ੋ॥ yi shieni fon ko orin ni yi mi nifamili yi? No, not anyone in my famli, no one has cough Yes, no one has cough like this Ni bisynchain se koni ibi kon ko teny loa a bitenisha kizit pi bo yi a ọ le ni kon Oto yi u kon beshîlwik o yi You know, I travelled to Mai Duguri recently kófèn, kon ndoi kontrakt! ndoi kontrakt sepati... Rô uų mè'mini, teni mè shèrën o pòsdhi-pòsdi mè dè dèdè, ndoi ndoi kòvèn... ndoi ndoi, ndoi! lì genă-fi yu, mè ndè mè mè mè, wènd'hãy pi dynë. nè, ndoi ywè mè mè mè mè, me ndoi zi, mè mè'rên nè, ndoi bè rî mè mè, mè ndoi lì rrèn lì, Asi na hostel, we shered, I mean, it was the contract that took a period so we had to share. Alright then have you ever been when you were younger do you remember if you took immunization on your arm do you have any mark on your arm where they told you that this is immunization that you took? no I don't. do you have hypertension? no. have you ever been told I have hypertension okay what about diabetes no okay have you ever been admitted in the hospital before admission I don't know. I don't know. I don't know. You don't know? Okay. You don't know the word? I don't know the word. Okay. Have you had surgery? You mean surgery? No, I have not had any surgery before. What is your name? You know... Weekend and party now. Small small. Yes, yes. Maybe bottle of lemon or blue beer Maybe in a whole week, maybe two bottles of beer, that's all I drink What's the other one? Ah, that one, I smoke cigarette How many sticks do you say you smoke in a day? You know, I started with one stick, two sticks here but when I work it became very stressful so I do like 10 10 sticks in a day okay all right now I don't know if you've heard of any disease called CB before do you know if anybody in your family has been treated for this TV before is this something you have heard about before um yes i've heard about cb you mean tuberculosis yes yes is there anybody in your family who has it no nobody all right okay so since this thing started have you taken any medication for it any cough syrup I took cough syrup like that, benilin syrup, motilo benilin, motilo coughnin, motilo amozin capsule, one antibiotic in it, motilo flemin no. yes we found the tell me she noticed any changes in the teller Shetty shit test you know my shift HIV and we will be sure you share share share Do you want to marry? No, I don't want to marry. Okay, but I have a girlfriend. Yes I want to marry Yes I want to travel I want to travel I want to travel I want to travel do-6 şa wọ-6 ile rè mw-6, mi i ba lẹw kòfẹn lẹw, mw ọt əmpẹn lẹw e si-mba wọ-a, e shə man lẹw rè-ba ãy dẹw ə dẹw dãy ə ba lẹw? Ǝe, no, i don't use protection. I don't believe in it. How old are you now, sir? I will be 36 this year. Okay, so you are currently 35? Yes. Alright, sir, thank you very much. do you notice any form of tiredness or weakness in your body since this thing started yes i'm always i'm always tired any small work that i do i don't even have energy for work like that yes all right thank you very much for answering all my questions so now what we are going to do is that we are going to do some tests for you from our cottage so Joe if we can be made in the wall of color she will show you our community the one of our money and superculosis 20 then JJ with human jealousy and lungs that's long cancer our community are you know so i'm a shower test for you uh content to jade in you i don't know Yaw. Let's yaw. I know that can be very difficult Yes sir. So you see TB is a disease, is an infectious disease meaning that it is caused by bacteria, right? Awa kokoroti awo lefo jiri, awa ni wrong she okofa, awa se wakme ni TB, se wakme ni tupakulo CCB. So antibiotics no, awa wogwe, ofeda bi antibiotics, non ni waman lefo, iko tokon shen le ni pe, ni waman lewa wogwe, ʻoʻjo kukpe, ʻole ʻi togi ʻushu me fa su ʻushu me son, ʻin yon ma a fulugu bu ʻubu i, si si si si ti a ra ini no, a fi ya ti a fi kle bu bu kukulu nuk tibi tuwa nima ra ini obe. Na o toba dekme, e tiba, a beri a jesara ti man lufu tibi, nike kiri, Thank you very much Enjoy the rest of your day","Good evening sir how are you doing today? Good evening ma. Okay my name is Doctor Ayọdeji I'll be your doctor today. é pẹlẹ sir Thank you ma Ki ló gbé yín wá sí hospital lé nìí E wo iko yii ni o, this cough. It's been, it's been disturbing me. Okay For three months now Okay so for three months le ti ni wúlò Yes Alright is there any other complaints apart from nkan te n wi? E wo ara mi mo ti jo I've lost a lot of weight in the last one month Alright e jẹ a kọ́kọ́ sọ̀rọ̀ nípa weight tẹ lose yẹn . Se é mimọ lose e ni? No no awọn ara ile mi my neighbours they said ""you're losing weight, you're losing weight"" they told me. I did not quickly notice it then I started seeing my clothes were coming loose. My sókótó, sókótó mi bayi now I have to make it tighter for it to stay. Let's come back to the cough now. iko yen e so pe ati bi three months ni se é le sọ pe otí worse lati ìgbà tó ti bẹ̀rẹ̀ àbí bo se ri láti ìgbà yẹn ló se rí nísinsìnyí No it has gotten worse for sure because the side gradually just a few times a day I was experiencing, I thought it was going to away in one week. You know normal cough but it did not go. But it now became more often at night every time, every time it's just always there now. So the cough is it worse during the day or at night? There is no special time Alright ṣe ọ ni nkankan tẹ e ma n se, boya any position tẹ bá take lẹ ma n notice pe ọ ma n he ki iko yen worse? There is no particular position, there is no particular position. Alright se é ní chest pain. Àyà ma n dun mi, yes I do. I have o ma n dun mi. Se tẹ bá n wukọ́ l'àyà ma n dun yin? yes igba mí gán ti n ba wúkọ́ àyà yẹn ma ti ma n min sinu. Tí mo bá mí kanlẹ̀. Ó ma dùn mǐ? Alright okay so tẹ ba wúkọ́ ṣe é notice bóyá ẹ tu nkankan jadé? yes I have some sputum yes o ma n ni ìgbà mí ẹ̀jẹ̀ ma wan bẹ díẹ̀ Ok kíni colour nkán tẹ n tu jáde. Ó ma ń brown gan Okay Ó ma ń yellowish brown báyìí. Ṣé ó má ń pọ̀? Ó ma ń pọ̀ díẹ̀ Ó má ń pọ̀ díẹ̀ Ta ba ni kẹ measure ẹ̀ ṣé o le to bi ideri plastic bottle? Ó ma tó bẹ Okay nínú ọjọ́ kan E ka sa sọ pẹ bi Okay ìdérí plastic bottle in one day alright. ṣe é notice pe ará yín gbóná? Ìyẹn ma n wa o ma n lọ, ko fi bẹ gbóná ṣùgbọ́n ti n ba wo si. Ti n ba fowo mi pé there's some fever Ṣé bó se ma n gbóná yẹn sọ ma n pọ gan ti ma gbóná ti gbogbo ara yín ma ma gbóná gan àbí ó kàn ma n rọra gbóná díẹ̀díẹ̀ ? Ó kàn gbóná díẹ̀díẹ̀ ni Ṣe é notice pe boya e ma n sweat la le tẹ ba n sun? o yes midnight I'm always sweating even if I baff o, even if I wear cloth only , remove cloth anything I do even if there's fan I'll still sweat in the night. Ok sir, alright thank you sir. Do you notice, ok sir I've asked you about chest pain earlier. I just want to confirm, is it worse at any position? bóyá tẹ bá ile down àbí tẹ ba dìde jókòó? . Did you notice anything like that? No no Alright sé orí ò fọ́ yín rí? That one do come I think sometimes because of the stress of the cough so every now and then headache. Ẹ pẹ̀lẹ́ Ẹ sé gan Ṣe mimi o difficult? o ma n fún mi ni wàhálà díẹ̀díẹ̀ àti mí o má ń le. O ma n le lati kun Ó ma n le láti min lẹ́ẹ̀kọ́ọ́kan alright ok ṣe iṣẹ́ wo léyìn se sir? Carpenter ni mi awọn carpenter Ni mo ma n se papo. Alright nibi iṣẹ tẹ wà nisin, só ní ìgbà kankan to ni e ti tẹ dé tí notice pé bóyá nkan to n se yin bóyá o tí ṣẹlẹ̀ sí ẹnìkan nínú family yin? Family no not anyone in my family, no one else coughs. No one in your family No one has cough like this ni recently ko ni ibi kan tẹ lo àbí tẹ dé sàkíyèsí pé ó ní ẹnìkan náà to ni bẹ ṣe n wúkọ́ yi. You know I traveled to Maiduguri recently for work, one contract, one government contract and my roommate the person I was sharing the hostel with was coughing. It's true he was coughing. So this person were you living in the same room together? Yeah it was about five months back. Yes we were sharing that room together. So they put all of us there. They put us in a hostel we shared, it was a contract that took a period so we had to share like that. Alright then have you ever been, when you were younger. Do you remember if you took immunization on your arm? Do you have any mark on your arm? Where they told you that this is immunization you took . No You don't have. No I don't. Okay do you have hypertension? Have you ever been told that you have hypertension? No Okay what about diabetes? No Okay have you ever been admitted in a hospital before? Admission? wọn o admit mi rí rárá. Okay ẹ dẹ̀ gb'ẹ̀jẹ̀ naa ri? Rárá mi o gb'ẹ̀jẹ̀ ri Ẹ o sisẹ́ abẹ rí? You mean surgery, no I have not surgery before. Se ma n mu oti? you know weekend and party na. Small small . So ẹ ma ń mu ọtí lẹ́ẹ̀kọ̀ọ̀kan. yes Bi bottles mélòó lẹ má ń mu ní bí ọ̀sẹ̀ kan? Bi two bottles of beer. That's all I drink. Okay cigar nko? That one I smoke cigarette óò. How many sticks did you say you smoke in a day? You know I started with one stick, two sticks but when work because very stressful I started doing like 10 sticks in a day. Ten sticks in a day okay alright then thank you very much sir. Now I don't know if you've heard of any disease called TB before. Do you know if anybody in your family has been treated for this TB before? Is it something you've heard about before? Yes I've heard about TB, you mean tuberculosis àbí? Yes tuberculosis has anybody gotten before? Is there any one in your family who has it? Since this thing started have you started taken any medication for it? I took one cough syrup benilim syrup moti lo coughlin. Mo lo capsule won ni antibiotics ni. Mo lo flemin náà Gbogbo àwọn ògùn tẹ lo yii ṣe ẹ notice any change ìgbà tẹ lo? Rárá rárá Ṣe é ti test to wọ n ma n se fún HIV ríi? Mi ò ti se ri ọ E se ri Mi ọ ti se ri ṣe ti marry? se ti ni ìyàwó? boys lawa o. okay but ẹ ní àwọn girlfriends. Yes. Bí mélòó lẹ ní? Ẹ mọ bí pé mo máa ń travel moní ní Ìbàdàn. Moní mẹ́ta ní Lagos. Gbogbo wọn bí six ṣá. Okay gbogbo àwọn six lẹ dẹ ma n ní ìbálòpọ̀ pẹ̀lú. Ó depend síbi tí mo bá wà. Ṣé ẹ má ń lo rọ́bà ìdáàbòbò tẹ́ bá n? Rárá mi o kì ń lò. I don't use protection. I don't believe in it. How old are you now sir? I'll be 36 this year. Okay so you're currently 35. Yes. Alright sir, do you notice any form of tiredness or weakness in your body since this thing started? Yes I'm always, I'm always tired any small work that I, I don't even have energy for work like that. Yes. Alright thank you very much for answering all my questions. So now what we're going to do is that we're going to do some tests for you from àwọn nkán t'ẹ́ tí sọ, o jọ wípé nkan bi méjì lo wa l'ọ́kàn wa. Só yé yín, àwọn nkán méjì tó wà l'ọ́kàn wa ni àrùn tuberculosis tí wọn n pè ní TB then àrùn jẹjẹrẹ to ma n ṣẹlẹ sí lungs. That's lung cancer. àwọn nkán méjì ta n rò náà nìyẹn. So a ma se àwọn test fún yin. Àwọn nkán tẹ n tu jáde, a ma lo se àyẹ̀wò lórí wọn ninu lab, a dẹ̀ ma ya fọ́tò àyà yín náà. A má se àwọn blood test náà a de ma jẹ́ ki ẹ mọ èsì ìdáhùn, àwọn àyẹ̀wò yìí láti lè mọ nkan ta ma se fún yin next. Now do you have any questions for me sir? I just want to ask this TB, you know I said I've heard about it but I don't know so much. Is it something that can be treated? I know that cancer can be very difficult to treat but can TB be treated? Yes sir, so you see TB is a disease. It's an infectious disease meaning that it is caused by bacteria right? àwọn kòkòrò ti a o lè f'ojú rí àwọn ni wọ́n se okùnfà àrùn ti wọ́n ń pě ní TB a tún pě ni tuberculosis. So antibiotics naa àwọn ògùn yìí o fẹ́ da bi antibiotics lo ma n lo fún nkán tó kàn ṣẹlẹ̀ ni pé ènìyàn má ń lo àwọn ògùn yìí fún ọjọ́ pípẹ́, ó lè tó bí oṣù mẹ́fà tàbí oṣù mẹ́sàn-án tí ènìyàn ma fi lo gbogbo ògùn yìí títí tí ara ènìyàn náà à fi yà ti fi clear gbogbo kòkòrò TB to wà nínú ẹni náà. Now tó bá jẹ́ pé ẹ ti gba abẹ́rẹ́ àjẹsára ti wọ́n má n lo fún TB ni kékeré. Bo jẹ́ pé ènìyàn gan wa nínú yàrá pẹ̀lú ẹni tó ní TB kò ní wúwo tó báyìí lára yín. 13:01:10 Thank you very much 13:05:06 You are welcome sir, enjoy the rest of your day. 13:09:05 And you you too ma",22.056,0.6987,0.481,0.7738,0.5114,
data/clips/yoruba_00.wav,yoruba,afriswitchcare,assemblyai-universal,"Good evening, sir. How are you doing today? Good evening. Good evening, ma. Okay, my name is Doctor Ayodeji. I'll be your doctor today. Um, thank you, ma. You know, being in hospital, this cough, um, it's been, it's been disturbing me. Okay, for three months now. Okay, so for three months, it's in wuka. All right. Is there any other complaints apart from it cutting away? Ah, ewarami mutijo. I've lost a lot of weight in the last one month. All right. So eja kokoso onipa. Weight they lose me. She a more more losing. No, no. I want aralemi. My neighbors they say ah you are losing weight. You are losing weight. They told me. I say I did not quickly notice it. Then I started seeing that my clothes were coming loose. My my shokoto shokoto mi ba yi. Now I have to. Increase, make it tighter just for it to stay. Okay. All right. So let's come back to the cough now. Coinye, eso ke atibi three months. Me she oti ele shele so ke beyoti worse. Na sebatosi bere? Abi bo shiri na sebatosi bere? No, no shiri nesi. No, it has gotten worse for sure because it started gradually. Yeah. Okay. Just. A few times a day. I, I was experiencing— I thought it was going to go in one, one week, you know, normal cough now, but it did not go. But it now became more often at night, every time, every time. It's just, it's just always there now. So the cough, is it worse during the day or at night? Uh, there is no special time. Oh, okay. Anytime. All right. Showing kokotemanship via any position. Teba take, teba notice. Bumange kikoye worse. There is no particular position. There is no particular position. All right. She any chest pain? Ah, I am andumi. Yes, I do. I am andumi. She teba wukoni. I am andumi. Yes. Inba mi got inba wuko. I am amati ba missing no. Okay. All right. Okay. So, tebang ukoshe notice baya entsuku kojade. Ah, yes. I have. I have. I produce some sputum. Okay. Yes. Omani ngbami ejema wambede. Okay. Ngako seje kini kolong content jadi. Ah, oman. Brown. Okay. Yes, oman yellowish brown. By oman bo. Ah, oman ko deyo. Oman ko deyo. Um. Ebony care measure. Shole doyidevi plastic bottle. Ah, omatube. Omatube. Niyo joko? Eh, kasha sakwe biye beni. Okay. Idiri plastic bottle on one day. All right. Eshishiya notice gube araying gono. Ee, nyama wa manlo ku fika hi vunoxiboho timba wu fi timba for hungu a mimokwe ya yes there's some fever okay swi vo xi ma vunoxiboho hi xo ma boko ku ma vunoxiboho wa nyama wa bi yo kona vunoxiboho dye dye wu kona vunoxiboho dye dyeni okay xi hina ti swi bebiya i ma sweats la leti va swi Oh yes, uh, midnight I'm always sweating. Even if I buffle, even if I wear clothes or remove clothes, anything I do, even if there's fan, I will still sweat the night. Okay, sir. Um, all right, thank you, sir. Do you notice— okay, so I've asked you about chest pain earlier. Um, I just want to confirm, is it worse at With any position, but at a bad lie down, a bit a bad did they joke? Do you notice anything like that? No, no. All right. She real for you? That one do come. I think sometimes because of the stress of the cough. So every now and then some headache. Okay, no. I should go. She me meal difficult. Ah, oh, oh man, oh man, for me, voilà, there, there. Okay. Et à Timi, oh man, les, oh man, les là c'est les pleins concombres. All right. Okay. Chez, euh, chez Olen, chez soi. À Carpenter, Nimi. Carpenter, c'est au-dessus, maman, je sais pas quoi. Maman, je sais pas quoi. All right. Ni ni beshiwa ini sešoni ba kokoritse, um, eti teteletsi notice pebea nkotunšhe ini beauty shene kokorin family. Ah family. No, not anyone in my family. No one has cough. Yes, no one has cough like this. Recently ko ni bikokotelo a biten shakizi pebea o le ni kono tu ubukho beshi ubukho. Ah, you know, I traveled to Maiduguri recently for work. One contract, one government contract. And my roommate, the person I was sharing the hostel with, he was coughing. Ah, it's true, he was coughing. Yes. So this person, were you living in the same room together? Yeah, it was about, I think, 5 months back. Okay. Yes, we were sharing that room together, so they put all of us in one. Yeah, they put us in a hostel. Okay. We shared. We— I mean, it was a contract that took a period, so we had to share like that. Okay. All right then. Have you ever been, um, When you were younger, do you remember if you took immunization on your arm? Do you have any mark on your arm where they told you that this is immunization that you took? Ah, no, you don't have it. Okay. Do you have hypertension? Have you ever been told I have hypertension? Okay. What about diabetes? No. Okay, have you ever been admitted in the hospital before? Admission? Okay. Okay. Uh, you mean surgery? No, I've not. I've not had any surgery before. Um, you know Weekend and party now, small small. Yes, yes. Maybe in a whole week, maybe 2 bottles of beer. That's all I drink. Okay. Ah, that one, I smoke cigarettes too. How, how many, how many sticks do you, do you say you smoke? In a day? You know, I started with one stick, two sticks here, but when work became very stressful, so I did like maybe ten, ten sticks in a day. Okay. All right then. Thank you very much, sir. Now, I don't know if you've heard of any disease called T. TB before? Do you know if anybody in your family has been treated for this TB before? Is this something you have heard about before? Um, yes, I've heard about TB. You mean tuberculosis? Yes, tuberculosis. Have you heard about it before? Yes. Is there anybody in your family who has it? No, nobody. Never heard about anybody in your family that has it? All right. Okay, so since this thing started, have you taken any medication for it? Any cough syrup? Ah, I took um coughs own cough syrup like that. Benylin, hey, Benylin syrup. Motilo Benylin, Motilo Coughlin, Molo Amozie capsule. Okay, one antibiotic in it. Molo, molo Fleming no. Okay. Yes. Buba o botello i she notice any changes in battle loyo? Ara ara. See any changes? She eti she test to a woman she for HIV and kobogu. Ah, mi ti shiri yo. Mi ti shiri. She she she is married. It's Niyamu. Ah no, ha boys lawao. Okay, but it's boy Niyamu. I'm already our girlfriend. Yes. Yes. Ah, em okwibinkwe man travel. Monini Ibadan. Monimetani Lagos. So, we want be six sha. Okay. Mm. We ba one six, ile de manche ni balu kofelu. Eh, emo o depend ni bitimba wa. Eh. Te sheman lo robai dabu vutebanu. No, I don't use protection. I don't believe in it. Okay, sir. How old are you now, sir? I'll be thirty-six this year. Okay, so you are currently 35? Yes. All right, sir, thank you very much. So do you notice any form of tiredness or weakness in your body since this thing started? Yes, I'm always, I'm always tired. Any small work that I do, I don't even have energy for work like that. Okay. Yes. All right, thank you very much for answering all my questions. So now what we are going to do is that we are going to do some tests for you. From our kotetiso, oh jo, ife ikombi medile walokonwa. Show you, eh. Our komedi today walokonwani, our tuberculosis, then our jeje we tioman. She'll see lungs. That's lung cancer. Ah, comment je dis? Ah, oui, non, non, non. So, ah, ma chérie, on teste pour rien. Ah, quand t'es en sous-jardinier, ah, malo chérie, on est au lab. Ah, demain il y a photo, ah, il y a rien. Ah, ma chérie, blood test, non. Ah, demain j'ai que mort. Ici down. Ici, ah ouais, oui. Là, tu l'as mis. More. Next. Now, do you have any questions for me, sir? I just want to ask, this TB, you know, I say I've heard about it, but I don't know so much. Is this something that can be treated? I know that cancer can be very difficult to treat, but can TB be treated? Yes, sir. So you see, TB is a disease, is an infectious disease. Meaning that it is caused by bacteria, right? I want kokoroti, I want fujiri, I want wrong shape okufa, I want someone clean TB, someone clean tuberculosis. So antibiotics, no, I won't go eat. If there be antibiotics, no, no, no. Mais son, si on m'a fait le bobo, si si si si, ti a régné non, a fait, a fait clé bobo, kokoro tibito wane m'a régné. Now toba dekpe etiba, abe aje sara, si on m'a luffu tibi, nikekeri, eee, kudekpe nyogon wane noyarakwelu enetsi. Thank you very much. You're welcome, sir. Enjoy the rest of your day, sir. You too.","Good evening sir how are you doing today? Good evening ma. Okay my name is Doctor Ayọdeji I'll be your doctor today. é pẹlẹ sir Thank you ma Ki ló gbé yín wá sí hospital lé nìí E wo iko yii ni o, this cough. It's been, it's been disturbing me. Okay For three months now Okay so for three months le ti ni wúlò Yes Alright is there any other complaints apart from nkan te n wi? E wo ara mi mo ti jo I've lost a lot of weight in the last one month Alright e jẹ a kọ́kọ́ sọ̀rọ̀ nípa weight tẹ lose yẹn . Se é mimọ lose e ni? No no awọn ara ile mi my neighbours they said ""you're losing weight, you're losing weight"" they told me. I did not quickly notice it then I started seeing my clothes were coming loose. My sókótó, sókótó mi bayi now I have to make it tighter for it to stay. Let's come back to the cough now. iko yen e so pe ati bi three months ni se é le sọ pe otí worse lati ìgbà tó ti bẹ̀rẹ̀ àbí bo se ri láti ìgbà yẹn ló se rí nísinsìnyí No it has gotten worse for sure because the side gradually just a few times a day I was experiencing, I thought it was going to away in one week. You know normal cough but it did not go. But it now became more often at night every time, every time it's just always there now. So the cough is it worse during the day or at night? There is no special time Alright ṣe ọ ni nkankan tẹ e ma n se, boya any position tẹ bá take lẹ ma n notice pe ọ ma n he ki iko yen worse? There is no particular position, there is no particular position. Alright se é ní chest pain. Àyà ma n dun mi, yes I do. I have o ma n dun mi. Se tẹ bá n wukọ́ l'àyà ma n dun yin? yes igba mí gán ti n ba wúkọ́ àyà yẹn ma ti ma n min sinu. Tí mo bá mí kanlẹ̀. Ó ma dùn mǐ? Alright okay so tẹ ba wúkọ́ ṣe é notice bóyá ẹ tu nkankan jadé? yes I have some sputum yes o ma n ni ìgbà mí ẹ̀jẹ̀ ma wan bẹ díẹ̀ Ok kíni colour nkán tẹ n tu jáde. Ó ma ń brown gan Okay Ó ma ń yellowish brown báyìí. Ṣé ó má ń pọ̀? Ó ma ń pọ̀ díẹ̀ Ó má ń pọ̀ díẹ̀ Ta ba ni kẹ measure ẹ̀ ṣé o le to bi ideri plastic bottle? Ó ma tó bẹ Okay nínú ọjọ́ kan E ka sa sọ pẹ bi Okay ìdérí plastic bottle in one day alright. ṣe é notice pe ará yín gbóná? Ìyẹn ma n wa o ma n lọ, ko fi bẹ gbóná ṣùgbọ́n ti n ba wo si. Ti n ba fowo mi pé there's some fever Ṣé bó se ma n gbóná yẹn sọ ma n pọ gan ti ma gbóná ti gbogbo ara yín ma ma gbóná gan àbí ó kàn ma n rọra gbóná díẹ̀díẹ̀ ? Ó kàn gbóná díẹ̀díẹ̀ ni Ṣe é notice pe boya e ma n sweat la le tẹ ba n sun? o yes midnight I'm always sweating even if I baff o, even if I wear cloth only , remove cloth anything I do even if there's fan I'll still sweat in the night. Ok sir, alright thank you sir. Do you notice, ok sir I've asked you about chest pain earlier. I just want to confirm, is it worse at any position? bóyá tẹ bá ile down àbí tẹ ba dìde jókòó? . Did you notice anything like that? No no Alright sé orí ò fọ́ yín rí? That one do come I think sometimes because of the stress of the cough so every now and then headache. Ẹ pẹ̀lẹ́ Ẹ sé gan Ṣe mimi o difficult? o ma n fún mi ni wàhálà díẹ̀díẹ̀ àti mí o má ń le. O ma n le lati kun Ó ma n le láti min lẹ́ẹ̀kọ́ọ́kan alright ok ṣe iṣẹ́ wo léyìn se sir? Carpenter ni mi awọn carpenter Ni mo ma n se papo. Alright nibi iṣẹ tẹ wà nisin, só ní ìgbà kankan to ni e ti tẹ dé tí notice pé bóyá nkan to n se yin bóyá o tí ṣẹlẹ̀ sí ẹnìkan nínú family yin? Family no not anyone in my family, no one else coughs. No one in your family No one has cough like this ni recently ko ni ibi kan tẹ lo àbí tẹ dé sàkíyèsí pé ó ní ẹnìkan náà to ni bẹ ṣe n wúkọ́ yi. You know I traveled to Maiduguri recently for work, one contract, one government contract and my roommate the person I was sharing the hostel with was coughing. It's true he was coughing. So this person were you living in the same room together? Yeah it was about five months back. Yes we were sharing that room together. So they put all of us there. They put us in a hostel we shared, it was a contract that took a period so we had to share like that. Alright then have you ever been, when you were younger. Do you remember if you took immunization on your arm? Do you have any mark on your arm? Where they told you that this is immunization you took . No You don't have. No I don't. Okay do you have hypertension? Have you ever been told that you have hypertension? No Okay what about diabetes? No Okay have you ever been admitted in a hospital before? Admission? wọn o admit mi rí rárá. Okay ẹ dẹ̀ gb'ẹ̀jẹ̀ naa ri? Rárá mi o gb'ẹ̀jẹ̀ ri Ẹ o sisẹ́ abẹ rí? You mean surgery, no I have not surgery before. Se ma n mu oti? you know weekend and party na. Small small . So ẹ ma ń mu ọtí lẹ́ẹ̀kọ̀ọ̀kan. yes Bi bottles mélòó lẹ má ń mu ní bí ọ̀sẹ̀ kan? Bi two bottles of beer. That's all I drink. Okay cigar nko? That one I smoke cigarette óò. How many sticks did you say you smoke in a day? You know I started with one stick, two sticks but when work because very stressful I started doing like 10 sticks in a day. Ten sticks in a day okay alright then thank you very much sir. Now I don't know if you've heard of any disease called TB before. Do you know if anybody in your family has been treated for this TB before? Is it something you've heard about before? Yes I've heard about TB, you mean tuberculosis àbí? Yes tuberculosis has anybody gotten before? Is there any one in your family who has it? Since this thing started have you started taken any medication for it? I took one cough syrup benilim syrup moti lo coughlin. Mo lo capsule won ni antibiotics ni. Mo lo flemin náà Gbogbo àwọn ògùn tẹ lo yii ṣe ẹ notice any change ìgbà tẹ lo? Rárá rárá Ṣe é ti test to wọ n ma n se fún HIV ríi? Mi ò ti se ri ọ E se ri Mi ọ ti se ri ṣe ti marry? se ti ni ìyàwó? boys lawa o. okay but ẹ ní àwọn girlfriends. Yes. Bí mélòó lẹ ní? Ẹ mọ bí pé mo máa ń travel moní ní Ìbàdàn. Moní mẹ́ta ní Lagos. Gbogbo wọn bí six ṣá. Okay gbogbo àwọn six lẹ dẹ ma n ní ìbálòpọ̀ pẹ̀lú. Ó depend síbi tí mo bá wà. Ṣé ẹ má ń lo rọ́bà ìdáàbòbò tẹ́ bá n? Rárá mi o kì ń lò. I don't use protection. I don't believe in it. How old are you now sir? I'll be 36 this year. Okay so you're currently 35. Yes. Alright sir, do you notice any form of tiredness or weakness in your body since this thing started? Yes I'm always, I'm always tired any small work that I, I don't even have energy for work like that. Yes. Alright thank you very much for answering all my questions. So now what we're going to do is that we're going to do some tests for you from àwọn nkán t'ẹ́ tí sọ, o jọ wípé nkan bi méjì lo wa l'ọ́kàn wa. Só yé yín, àwọn nkán méjì tó wà l'ọ́kàn wa ni àrùn tuberculosis tí wọn n pè ní TB then àrùn jẹjẹrẹ to ma n ṣẹlẹ sí lungs. That's lung cancer. àwọn nkán méjì ta n rò náà nìyẹn. So a ma se àwọn test fún yin. Àwọn nkán tẹ n tu jáde, a ma lo se àyẹ̀wò lórí wọn ninu lab, a dẹ̀ ma ya fọ́tò àyà yín náà. A má se àwọn blood test náà a de ma jẹ́ ki ẹ mọ èsì ìdáhùn, àwọn àyẹ̀wò yìí láti lè mọ nkan ta ma se fún yin next. Now do you have any questions for me sir? I just want to ask this TB, you know I said I've heard about it but I don't know so much. Is it something that can be treated? I know that cancer can be very difficult to treat but can TB be treated? Yes sir, so you see TB is a disease. It's an infectious disease meaning that it is caused by bacteria right? àwọn kòkòrò ti a o lè f'ojú rí àwọn ni wọ́n se okùnfà àrùn ti wọ́n ń pě ní TB a tún pě ni tuberculosis. So antibiotics naa àwọn ògùn yìí o fẹ́ da bi antibiotics lo ma n lo fún nkán tó kàn ṣẹlẹ̀ ni pé ènìyàn má ń lo àwọn ògùn yìí fún ọjọ́ pípẹ́, ó lè tó bí oṣù mẹ́fà tàbí oṣù mẹ́sàn-án tí ènìyàn ma fi lo gbogbo ògùn yìí títí tí ara ènìyàn náà à fi yà ti fi clear gbogbo kòkòrò TB to wà nínú ẹni náà. Now tó bá jẹ́ pé ẹ ti gba abẹ́rẹ́ àjẹsára ti wọ́n má n lo fún TB ni kékeré. Bo jẹ́ pé ènìyàn gan wa nínú yàrá pẹ̀lú ẹni tó ní TB kò ní wúwo tó báyìí lára yín. 13:01:10 Thank you very much 13:05:06 You are welcome sir, enjoy the rest of your day. 13:09:05 And you you too ma",15.798,0.5922,0.3713,0.7038,0.4239,
