audio_path,language,transcript,latency_sec,num_sessions
data/clips/hausa_00.wav,hausa,"Gaisuwa sir ciwon ciki nake ji ya kai kwana nayi kwana hudu OK ciwon cikin ina kana ji ciwo din ya fara daga saman sai sauko ta hannun dama na OK ciwon ciki is it gradual ko sudden ciwon ciki yake fara mun kadan kadan ne haka nan gradual gradual OK is acking ko sharp pain ne kana so ka ba pain din sco daga daya zuwa 10 wani sco ne zaka bashi kaman yana radiating zuwa bayanka ko ina wani abu wani kasan wani abu wane yana baka sauƙi ba ko kuwa abu wannan yana tada Pain din ban sani ba kana da fever a cikin wannan pain akwai fever akwai zafin jiki OK kana iya ci abinci sosai ba sosai ba kana ka iya amai a cikin wannan kaman sau uku sau na uku kana zawo Kuma kana cikinka ya kumbura cikina bai kumbura frequently kana ji ciwo lokacin wanda kana yin fitsari OK na gode examination findings are temperature things she 38 degrees great resp rate Ferminic SPO2 98% 90 Berminit BP 120/80 mmHg abdomen on abdominal examination nagan right iliac fossa tenderness garden tenderness positive ro
An my burning signs
",17.533,
data/clips/igbo_00.wav,igbo,"To coming and thank it good afternoon how you don't at them by you can coming have a seat by so I just have a few questions for your keep hold starting. After 28, Kedu ọrụ ị na-arụ na-arụ ọrụ site na m na-akpa isi OK Lola Dalụ gị Church in ekpe jee Muslimchani bụ onye Igbo na eji bịa ụlọ ọgwụ taa na-afụ m ụfụ When the pain that three days ago, so how do The pain field to you sharp pain a dulping and aching pain akin pm on did it pass gradually or all of a sudden All of the OK, alright, and the pain does it go to need part of your body ndanda alright, okay, so on the skin of one to 10 if one is a smalllest pain and 10 is the highest amount of pain. What pain score would you? If this pain are feeling now 8 you know that mix the pain better or worse that na igwe ahụ ọkụ na afọ ọsịsa nda nke omenafu mba Are you having any discharge from your plea part Christian findly vehicle also. So that discharge. Does it have beat smelling fistula checking. Okay just a few more questions do you know the next questions gent to be a bit sensitive, but then information is For me to arrive at a diagnosis or do you have a single sex partner or you have more sexual partners more people care and do you use protection when you meet your partners about your period na when last use your period 3 weeks ago
However, have you over had this type of organ before that coming has been to ever told before that you have sexually transmitted infection just failed before and just then seem blood to the practice parties, OK just a few more question so generally to for your general health now Are you having any chest pain cough or else, I have been joint pains or weakness how bad your eyes site? Are you seeing very well that Okomi to mear ahụ gan still just lie drip them just do a joint examination of you. OK fill discomfort any pointing. Time just let me know allow store also can get just to few more questions to ask you have you have you been diagnosed of any medical condition in the past of you have in told if you have high blood pressure hypertension or diabetes can even told that you have ulcer Over reacted to need drug in the past before are you are you country taking any drug right now. So before I move on to what I'm suspecting that you have you have any questions for me that so from my examination of young everything that you told me My suspicion is that you knows likely have sexual transport infection that caused you to happen what we call a PID that a pelvic inflammatory disease that when that sexual transact infection goes up to the internal organs, your female internal organs as your wounds and your tubes. Okay now is just a suspicion will have to still do some tests to confirm the disease No, which organs causing infections so that we can treat it. Okay, okay. So I think to do a test for you called the vaginal swap test, or good to do with a high vaginal subtest and a cervical sub test for us is a culture test to send to the lab result in out in treat to for the business that is also we can treat Okay to the full block cancer for suggest check your general health and sure that it's nothing us when we get your best
No, then we will let you know the treatment plan we have for you. That's okay. Some good through the lab. Thank you very much for coming to a state today. Thank you. Take alright hereby
",16.52,
data/clips/pidgin_00.wav,pidgin,"Good afternoon how are you doing? I'm Dr. Okenla welcome to our clinic today whats your name, sir? Yam Fivoloah OK, how old are you? I'm 20 years. What do you do? I'm a student OK, are you married? No, not at all. So what brought it to our clinic today? Yeah, I started having this stomach pain for how long? Now for the past four days now, been having this pain. Where exactly in the tummy, are you having the pain? Yeah, it's located around my upper stomach. Oh, really, okay, then did you notice maybe after starting from your upper stomach? another part of your some time, it started moving to the right side, my right side, there, just lower lower side. Okay, so how did it start? Was it sudden or gradual in onset, or it just? OK? It was gradually started increasing and the pain now is currently unbearable. Now I'm in the pain, can you described the pain? Is he biting? Is he aching? Is he stabbing in nature? He is a lot aching, I feel a lot of one. On a scale of one to 10, can you help me rate the pain? With 10 being the most unbearable pain ever and one being doctor, I rate it 8, thats a whole lot. Thats a whole lot. Does this pain to any part of your body? Maybe you? just my stomach, doctor, just my stomach. Is there anything you do that help you relieve it or worsen this pain? Doctor, I don't do anything, it's always very painful. Okay, there's nothing that you do that helped relieve the pain. Doctor nothing relieves it. Any fever? Are you running temperature? Yes, I started run temperature too around four days ago. It is temperature high, like easy high grade. Yes, it is, it is too, Doctor. Any out vomiting? Yes, I'm vomiting, I'm vomiting and I vomited like three times today alone. Okay, whats the color of the vomiting? Is it what you had Yes, one very thing I had. Nothing is in my stomach, not even I heard, I've been vomiting it. Okay, Okay, any mucus in the vomit? No, not at all. No blood as well. No blood, nothing. Alright, any diarrhea, any passage of watery stool? No, I'm not incident, Doctor. I'm not passing anything. Do you notice that your tummy is getting bigger? No, nothing in my stomach. Do you notice that your rate that you should pay has also increased? You have to go the toilet to peel more frequent and resilience. No, No, not at all. Any painful urination, you don't feel pain when you are urinating. I don't feel any pain, I don't feel any pain. OK, alright. But I've also not been eating, like if I see food like this, Ive not been to eat. Okay, and youve dont lost weight at any point. No, I've not. OK. Alright, do you drink, do you smoke? No, I don't drink o, no. Okay, and does this pain get worse with when you take fatty foods? No, he doesn't, no.
Alright. So any cough, having coughing work having cough. And having chest pain. No, not at all. Alright, so I will examine you now. Okay. Okay, on general examination, a young man in painful distress not pale anicteric acyanose Febrile with a temperature of 38 Current pedal edema. So on abdominal examination the abdomen is full moves its respiration there is right iliac fossa tenderness guardian is rebound tenderness and there is positive rockson and mac sign on cardiovascular examination 12080, prostate is 90 bpm, S 1 and S 2, no added sound on respiratory examination chest is respiratory rate is 12 cycles/ min. BS are vascular on all lung zones, SpO 2 is 98% so based on the history and physical examination Is suggesting that we have most likely have an acute appendicitis. Doctor, hope I'm not going to die from this pain like acute appendicitis is actually sentence. It's a surgical case what we do is surgery to remove the appendix when the appendix gets inflamed or infected, that's what we call appendicitis We will just inform the surgeon, and then we no whatness, but before we do that, we will run some basic investigations do your full blood count who can cross match at least 2 units of blood electrolyte and creatinine as well, and we place you on NPO stop feeding for now and place you on On IV fluids normal saline alternative with dextrose water and also placed on some antibiotics as well IV ceftriaxone 1 gour with IV flagyl, 500 mg will take you in for surgery when everything is ready. So do you have any question? No, not at all, thank you, let us get it up
",16.776,
data/clips/yoruba_00.wav,yoruba,"Sir how I do my knee is Dr todaysa thank you Mar should be what hospital incur ini o, this cough is being distal me For 3 months now for three months ni eti wuko right any other complaints apart from icute way are me mo ti jòs a lot of weight in the last more months already soko sọrọ nipa with telus me losing Àwọn ará ilé mibusy say weight to your losing weight told say I did not speakly notice it, then I sign that my clothes were coming lose my sokoto ṣòkòtò mi báyìí have to increase make it title for it to stay OK less compared to be cough now become yẹn Ẹ sọ pé àti bí 3 months ni ó ti ṣẹlẹ̀ sọ pé ó ti wọ si láti ìgbà tó ti bẹ̀rẹ̀ àbí bó ṣe rí láti ìgbà tó ti bẹ̀rẹ̀ náà ló ṣe rí nísin was for sure because he side gradually here just few times a day was experienced, I thought he was being to go in what one we know normal cough now, but he did not go But he now became more often at night every time any time is just is just so is there now the cough, is it worse during the day or at night there is no special time who any time in orders shown nǹkan kan tí ẹ bá take the anutis ló má ń jẹ́ kí wọ́n si no particular position there is no particular Position already share chest pain I amadu me yes I do I amadu me ṣe ten bá ń wúkọ́ ni ẹ máa ń dùn mí gan tí n bá wúkọ́ bá mi kanlẹ̀ ó máa dùn mí so tí ẹ bá ń wúkọ́ ṣe nǹkan bóyá entoo kọ́kọ́ jáde
I have I produce some sputum so ma nigbamii ẹ̀jẹ ma wa nbẹ diẹ Okay, ki ni colon content ma brown gan by pow ó má ń pọ̀ díẹ̀ o pọ̀ jù mẹ́jáà ṣó lè tó ìdérí plastic duct o ma tó bẹ́ẹ̀ ní ọjọ́ 1 Ka ṣá pé bí ẹ bẹ́ẹ̀ ni the replastic bottle one day or like ṣiṣẹ́ ẹ notice bí ara gbóná ìyẹn máa ń wá kò fi bẹ́ẹ̀ gbóná ṣùgbọ́n tí bá mí mọ̀ pé some fever okay, ó sì máa ń gbóná yẹn ṣó máa ń pọ̀ tó máa gbóná tí gbogbo ara yín á máa gbọ̀n àbí kànná díẹ̀ díẹ̀ ló kàn gbóná díẹ̀dí. Midnight and always worthy even if I bafo even if I were cloke to remove clothes, any time do even in this funds the night already, thank you do you know occur asked to about chest pain earlier I just want to confirm is it? What is any position bóyá ẹ bá lie down bí tí ẹ bá dìde jókòó do you know to anything like that no right orí ò fọyín come, I think some that is because of the stress of the cough so every and then some headache gan difficult fún mi ní wàhálà díẹ̀díẹ̀ àti mí lẹ́kọ̀ lẹ̀ ni mítà àti mo máa ń ṣe pako, ṣó ní ìgbà kan rí tí Notice proti family yín family knowt any one in my family non as farming yes of ní recently kò ní kankan tẹ́ ẹ lọ àbí tẹ́ni ṣàkíyèsí pé bóyá ó lẹ́ nìkan náà tó wú kọ́ bẹ́ẹ̀ ṣe ń wú gury recently for
Contract on government contracts and my room mate, the person I was sharing the hostel with was coughing history was coughing yes so this person, where you living in the same room to get that year was about I think 5 months back yes were sharing that room together so the put on us say one year all senstell We shared I mean he was the contract that took it period so we had to share like now alright, then have you ever been when you were younger do you remember if you took immunization on your arm do you have any mark on your where the do that are this is immunization by took you don't have my OK do you have hypotension? Have been told I have hypotension OK, what about diabetes OK been admitted in the hospital before admission. Okay náà rí ìgbẹ́jọ̀ abẹ rí surgery know have not have surgery before ṣe máa ń mu ọtí You know weekend and party now small small, he bottle members being a whole week IV 2 bottles of year that or like drink if sigan sigrator many many sticks do you say you soon in a day You know I study with once 2 stickle when work became very stressful side like between tensticks in a day OK now I don't know if you've head of any disease called TB before do you know if anybody your family has been treated for this TB before is it something you have head about people yes have heard about CBN to pacers, I before year is the anybody family who has it know, but never head a family that has already OK. So since this thing started have you taking any medication for it any cough I took
Cough on course rob like that Benin Lin Benin Linthyro Mo ti lọ benemo ti lo coufen mo lo amoxi capsule antibiotic ni mo lo molo flemine náà bu telo yìí notice any changes nígbà tí ẹ lọ Ṣé ẹ ti ṣe test tí wọ́n máa ń ṣe fún HIV mi àrùn kògbóògùn mi tí ṣeré ti ní ois law ẹ ní àwọn ọ̀rẹ́bìnrin àwọn girlfriends lóríṣiríṣi Ẹ mọ̀ pé bí pé mo má ń travel mo ní ìbàdàn mo ní mẹ́ta ní Lagos so gbogbo share 6 ballo and I mo depend back ẹ ṣe má ń lober I dont use profession. I don't believe you meet Okay, sir how didn't now sir I will be 36 this year okay, so you are currently 35 years already sir, thank you very much, sir, do you notice any from of tiredness or weakness in body since starting years moways amongst any small work that I do. I do you have energy for work like that so I think it very much For answered on my questions so now what we are going to do is that we are going to do some test for you from àwọn kan tẹ́lẹ̀ ló wà lọ́kàn wa isoye yín àwọn nǹkan méjì tó dẹ̀ wá lọ́kàn wa ní àrùn tubaculosis tí wọ́n ń pè ní TB àrùn jẹjẹrẹ tí wọ́n máa ń ṣẹlẹ̀ sí Lungs that long cancer àwọn nǹkan méjì tí à ń rò náà ni so a máa ṣe àwọn test fún yín kan té ń tú jáde a máa lọ ṣe àyẹ̀wò lórí wọn nínú lab a dẹ̀ máa ya fọ́tò àyà yín náà a máa ṣe àwọn blood test mìíràn a dẹ̀ máa jẹ́ kí n mọ èsì ìdáhùn àbí àwọn àyẹ̀wò yìí láti lè mọ nǹkan tí a máa ṣe fún yín next now do you have any questions from sir
This TB, you know, I say have heard about it. By don't so much is this something that can be treated and yes that cancer can be very difficult to treat can TB treated yester CT an infectious disease meaning that it is caused by bacteria right àwọn kòkòrò tí à ò lè fojú rí àwọn ni wọ́n rí Ṣé okùnfà àrùn tí wọ́n ń pè ní TB tí wọ́n pè ní tupalosis yìí so antibiotics náà àwọn òògùn yìí ó fẹ́ dàbí antibiotics náà ni wọ́n máa ń lò fún nǹkan tó kàn ṣẹlẹ̀ ni pé èèyàn máa ń lo àwọn òògùn yìí fún ọjọ́ pípẹ́ ó lè tó bí oṣù 6 sí oṣù 9 tí èèyàn máa fi lo gbogbo ògbìn sí ara ẹni náà fi ìyá tí a fi ké gbogbo kòkòrò tbí tó wà tó bá jẹ́ pé ẹ ti gba abẹ́rẹ́ àjẹsára tí wọ́n máa ń lò fún tíbi ní kékeré pẹ̀lú ẹni tí ó ní tibi kò ní wúwo lára èèyàn tó tó báyìí Thank you very much in joint the rest of these
",17.333,
